Ti,Al,Sn,Zr,Mo,Si,C,Nb,Hf,Ta,Cr,B,Mn,V,Co,Fe,Ni,W,Cu,Zn,Mg,Gd,Y,P,Ce,N,Er,Ca,Ge,Re,O,Ga,T,lnkp,,,,,,
84.2,5.8,2.1,4.1,3.8,0,0,0,0,0,0,0,0,0,0,0,0,0,0,0,0,0,0,0,0,0,0,0,0,0,0,0,560,-17.50439001,,,,,,
84.2,5.8,2.1,4.1,3.8,0,0,0,0,0,0,0,0,0,0,0,0,0,0,0,0,0,0,0,0,0,0,0,0,0,0,0,600,-16.3925325,,,,,,
84.2,5.8,2.1,4.1,3.8,0,0,0,0,0,0,0,0,0,0,0,0,0,0,0,0,0,0,0,0,0,0,0,0,0,0,0,650,-14.57053314,,,,,,
84.2,5.8,2.1,4.1,3.8,0,0,0,0,0,0,0,0,0,0,0,0,0,0,0,0,0,0,0,0,0,0,0,0,0,0,0,700,-13.99583411,,,,,,
84.59,5.6,2,4,3.7,0.11,0,0,0,0,0,0,0,0,0,0,0,0,0,0,0,0,0,0,0,0,0,0,0,0,0,0,560,-17.77882686,,,,,,
84.59,5.6,2,4,3.7,0.11,0,0,0,0,0,0,0,0,0,0,0,0,0,0,0,0,0,0,0,0,0,0,0,0,0,0,600,-16.51857322,,,,,,
84.59,5.6,2,4,3.7,0.11,0,0,0,0,0,0,0,0,0,0,0,0,0,0,0,0,0,0,0,0,0,0,0,0,0,0,650,-15.10649474,,,,,,
84.59,5.6,2,4,3.7,0.11,0,0,0,0,0,0,0,0,0,0,0,0,0,0,0,0,0,0,0,0,0,0,0,0,0,0,700,-14.10052951,,,,,,
84.18,5.7,2.1,4.1,3.7,0.22,0,0,0,0,0,0,0,0,0,0,0,0,0,0,0,0,0,0,0,0,0,0,0,0,0,0,560,-17.77882686,,,,,,
84.18,5.7,2.1,4.1,3.7,0.22,0,0,0,0,0,0,0,0,0,0,0,0,0,0,0,0,0,0,0,0,0,0,0,0,0,0,600,-16.68021457,,,,,,
84.18,5.7,2.1,4.1,3.7,0.22,0,0,0,0,0,0,0,0,0,0,0,0,0,0,0,0,0,0,0,0,0,0,0,0,0,0,650,-15.11746377,,,,,,
84.18,5.7,2.1,4.1,3.7,0.22,0,0,0,0,0,0,0,0,0,0,0,0,0,0,0,0,0,0,0,0,0,0,0,0,0,0,700,-14.22800028,,,,,,
67.42,10.13,11.17,0,0,0,11.28,0,0,0,0,0,0,0,0,0,0,0,0,0,0,0,0,0,0,0,0,0,0,0,0,0,800,-15.60727003,,,,,,
67.42,10.13,11.17,0,0,0,11.28,0,0,0,0,0,0,0,0,0,0,0,0,0,0,0,0,0,0,0,0,0,0,0,0,0,850,-12.92169268,,,,,,
67.42,10.13,11.17,0,0,0,11.28,0,0,0,0,0,0,0,0,0,0,0,0,0,0,0,0,0,0,0,0,0,0,0,0,0,900,-10.80598496,,,,,,
67.42,10.13,11.17,0,0,0,11.28,0,0,0,0,0,0,0,0,0,0,0,0,0,0,0,0,0,0,0,0,0,0,0,0,0,950,-9.392661929,,,,,,
67.42,10.13,11.17,0,0,0,11.28,0,0,0,0,0,0,0,0,0,0,0,0,0,0,0,0,0,0,0,0,0,0,0,0,0,1000,-8.363042512,,,,,,
67.42,10.13,11.17,0,0,0,11.28,0,0,0,0,0,0,0,0,0,0,0,0,0,0,0,0,0,0,0,0,0,0,0,0,0,1050,-7.400231764,,,,,,
73.79,13.86,0,0,0,0,12.34,0,0,0,0,0,0,0,0,0,0,0,0,0,0,0,0,0,0,0,0,0,0,0,0,0,800,-20.28143308,,,,,,
73.79,13.86,0,0,0,0,12.34,0,0,0,0,0,0,0,0,0,0,0,0,0,0,0,0,0,0,0,0,0,0,0,0,0,900,-19.60630441,,,,,,
73.79,13.86,0,0,0,0,12.34,0,0,0,0,0,0,0,0,0,0,0,0,0,0,0,0,0,0,0,0,0,0,0,0,0,1000,-19.36514235,,,,,,
81.94,6.01,2.55,6.24,1.84,0.19,0,1.23,0,0,0,0,0,0,0,0,0,0,0,0,0,0,0,0,0,0,0,0,0,0,0,0,750,-10.45590707,,,,,,
81.94,6.01,2.55,6.24,1.84,0.19,0,1.23,0,0,0,0,0,0,0,0,0,0,0,0,0,0,0,0,0,0,0,0,0,0,0,0,850,-10.61797187,,,,,,
42.28,0,52.42,0,0,0,5.3,0,0,0,0,0,0,0,0,0,0,0,0,0,0,0,0,0,0,0,0,0,0,0,0,0,500,-13.68545743,,,,,,
42.28,0,52.42,0,0,0,5.3,0,0,0,0,0,0,0,0,0,0,0,0,0,0,0,0,0,0,0,0,0,0,0,0,0,600,-11.87756858,,,,,,
42.28,0,52.42,0,0,0,5.3,0,0,0,0,0,0,0,0,0,0,0,0,0,0,0,0,0,0,0,0,0,0,0,0,0,700,-9.535762772,,,,,,
42.28,0,52.42,0,0,0,5.3,0,0,0,0,0,0,0,0,0,0,0,0,0,0,0,0,0,0,0,0,0,0,0,0,0,800,-6.880356305,,,,,,
83.1,6,3.5,0,0,0.4,,0,4,3,0,0,0,0,0,0,0,0,0,0,0,0,0,0,0,0,0,0,0,0,0,0,700,-14.88133302,,,,,,
83.1,6,3.5,,,0.4,,3,4,0,0,0,0,0,0,0,0,0,0,0,0,0,0,0,0,0,0,0,0,0,0,0,700,-14.58362078,,,,,,
83.1,6,3.5,,,0.4,,1,4,2,0,0,0,0,0,0,0,0,0,0,0,0,0,0,0,0,0,0,0,0,0,0,700,-14.01125514,,,,,,
42.31,5.77,0,0,0,30.77,0,1.92,7.69,0,11.54,0,0,0,0,0,0,0,0,0,0,0,0,0,0,0,0,0,0,0,0,0,1200,-8.871885974,,,,,,
41.51,5.66,0,0,0,30.19,0,1.88,7.55,0,11.32,1.89,0,0,0,0,0,0,0,0,0,0,0,0,0,0,0,0,0,0,0,0,1200,-8.519974834,,,,,,
40.74,5.56,0,0,0,29.63,0,1.85,7.41,0,11.11,3.7,0,0,0,0,0,0,0,0,0,0,0,0,0,0,0,0,0,0,0,0,1200,-8.338233762,,,,,,
65.77,34.23,0,0,0,0,0,0,0,0,0,0,0,0,0,0,0,0,0,0,0,0,0,0,0,0,0,0,0,0,0,0,800,-13.68789943,,,,,,
60.33,34.03,5.64,0,0,0,0,0,0,0,0,0,0,0,0,0,0,0,0,0,0,0,0,0,0,0,0,0,0,0,0,0,800,-14.48667883,,,,,,
56.99,32.15,10.86,0,0,0,0,0,0,0,0,0,0,0,0,0,0,0,0,0,0,0,0,0,0,0,0,0,0,0,0,0,800,-14.78163366,,,,,,
51.03,28.76,20.22,0,0,0,0,0,0,0,0,0,0,0,0,0,0,0,0,0,0,0,0,0,0,0,0,0,0,0,0,0,800,-15.46750808,,,,,,
25.4,4.8,0,0,2,17.5,0,45.1,0,0,5.3,0,0,0,0,0,0,0,0,0,0,0,0,0,0,0,0,0,0,0,0,0,800,-10.59663473,,,,,,
23.4,4.5,0,0,1.8,19.5,0,41.3,5.2,0,4.3,0,0,0,0,0,0,0,0,0,0,0,0,0,0,0,0,0,0,0,0,0,800,-9.965362956,,,,,,
24.2,4.8,0,0,1.7,18.2,0,41.4,5.1,0,4.6,0,0,0,0,0,0,0,0,0,0,0,0,0,0,0,0,0,0,0,0,0,1200,-2.207274913,,,,,,
24.8,4.8,5,0,1.8,18.2,0,35,5.4,0,5.1,0,0,0,0,0,0,0,0,0,0,0,0,0,0,0,0,0,0,0,0,0,1200,-6.571283042,,,,,,
24.6,4.6,5.1,0,1.8,18.8,0,35.1,5.2,0,4.8,0,0,0,0,0,0,0,0,0,0,0,0,0,0,0,0,0,0,0,0,0,1200,-2.813410717,,,,,,
63.11,34.16,0,0,0,0,0,0,0,0,2.74,0,0,0,0,0,0,0,0,0,0,0,0,0,0,0,0,0,0,0,0,0,800,-8.815486924,,,,,,
59.18,33.36,0,0,0,0,0,4.79,0,0,2.68,0,0,0,0,0,0,0,0,0,0,0,0,0,0,0,0,0,0,0,0,0,800,-9.74458627,,,,,,
59.99,32.44,0,0,0,0,0,4.75,0,0,0,0,2.81,0,0,0,0,0,0,0,0,0,0,0,0,0,0,0,0,0,0,0,800,-11.30953121,,,,,,
63.11,34.16,0,0,0,0,0,0,0,0,2.74,0,0,0,0,0,0,0,0,0,0,0,0,0,0,0,0,0,0,0,0,0,900,-4.003590199,,,,,,
9.09,54.55,0,0,0,0,0,0,0,0,0,0,0,36.36,0,0,0,0,0,0,0,0,0,0,0,0,0,0,0,0,0,0,1100,-1.484274769,,,,,,
9.09,54.55,0,0,0,0,0,0,0,0,0,0,0,36.36,0,0,0,0,0,0,0,0,0,0,0,0,0,0,0,0,0,0,1050,-2.407945609,,,,,,
9.09,54.55,0,0,0,0,0,0,0,0,0,0,0,36.36,0,0,0,0,0,0,0,0,0,0,0,0,0,0,0,0,0,0,1000,-2.860812956,,,,,,
9.09,54.55,0,0,0,0,0,0,0,0,0,0,0,36.36,0,0,0,0,0,0,0,0,0,0,0,0,0,0,0,0,0,0,950,-3.746037868,,,,,,
9.09,54.55,0,0,0,0,0,0,0,0,0,0,0,36.36,0,0,0,0,0,0,0,0,0,0,0,0,0,0,0,0,0,0,900,-4.427489009,,,,,,
9.09,54.55,0,0,0,0,0,0,0,0,0,0,0,36.36,0,0,0,0,0,0,0,0,0,0,0,0,0,0,0,0,0,0,850,-6.242778975,,,,,,
100,0,0,0,0,0,0,0,0,0,0,0,0,0,0,0,0,0,0,0,0,0,0,0,0,0,0,0,0,0,0,0,650,-16.31534286,,,,,,
100,0,0,0,0,0,0,0,0,0,0,0,0,0,0,0,0,0,0,0,0,0,0,0,0,0,0,0,0,0,0,0,750,-14.68562329,,,,,,
33.33,0,0,0,0,66.67,0,0,0,0,0,0,0,0,0,0,0,0,0,0,0,0,0,0,0,0,0,0,0,0,0,0,650,-18.5402014,,,,,,
33.33,0,0,0,0,66.67,0,0,0,0,0,0,0,0,0,0,0,0,0,0,0,0,0,0,0,0,0,0,0,0,0,0,750,-16.20763547,,,,,,
33.33,0,0,0,0,66.67,0,0,0,0,0,0,0,0,0,0,0,0,0,0,0,0,0,0,0,0,0,0,0,0,0,0,850,-13.954613,,,,,,
11.11,0,0,0,0,88.89,0,0,0,0,0,0,0,0,0,0,0,0,0,0,0,0,0,0,0,0,0,0,0,0,0,0,650,-19.33388981,,,,,,
11.11,0,0,0,0,88.89,0,0,0,0,0,0,0,0,0,0,0,0,0,0,0,0,0,0,0,0,0,0,0,0,0,0,750,-17.09072814,,,,,,
11.11,0,0,0,0,88.89,0,0,0,0,0,0,0,0,0,0,0,0,0,0,0,0,0,0,0,0,0,0,0,0,0,0,850,-15.15066596,,,,,,
60.98,0,0,0,0,39.02,0,0,0,0,0,0,0,0,0,0,0,0,0,0,0,0,0,0,0,0,0,0,0,0,0,0,1000,-4.276666119,,,,,,
58.82,0,0,0,0,35.3,5.88,0,0,0,0,0,0,0,0,0,0,0,0,0,0,0,0,0,0,0,0,0,0,0,0,0,1000,-4.276666119,,,,,,
73.4,0,0,0,0,14.4,12.3,0,0,0,0,0,0,0,0,0,0,0,0,0,0,0,0,0,0,0,0,0,0,0,0,0,900,-7.880387765,,,,,,
73.4,0,0,0,0,14.4,12.3,0,0,0,0,0,0,0,0,0,0,0,0,0,0,0,0,0,0,0,0,0,0,0,0,0,1100,-4.122515439,,,,,,
100,0,0,0,0,0,0,0,0,0,0,0,0,0,0,0,0,0,0,0,0,0,0,0,0,0,0,0,0,0,0,0,900,-9.315700888,,,,,,
90.75,0,0,0,0,0,0,9.25,0,0,0,0,0,0,0,0,0,0,0,0,0,0,0,0,0,0,0,0,0,0,0,0,900,-14.1721855,,,,,,
82.26,0,0,0,0,0,0,17.74,0,0,0,0,0,0,0,0,0,0,0,0,0,0,0,0,0,0,0,0,0,0,0,0,900,-18.42068074,,,,,,
74.5,0,0,0,0,0,0,25.5,0,0,0,0,0,0,0,0,0,0,0,0,0,0,0,0,0,0,0,0,0,0,0,0,900,-14.00184014,,,,,,
84.2,15.8,0,0,0,0,0,0,0,0,0,0,0,0,0,0,0,0,0,0,0,0,0,0,0,0,0,0,0,0,0,0,900,-14.24629347,,,,,,
74.63,15.03,0,0,0,0,0,10.35,0,0,0,0,0,0,0,0,0,0,0,0,0,0,0,0,0,0,0,0,0,0,0,0,900,-16.54887857,,,,,,
67.76,12.74,0,0,0,0,0,19.5,0,0,0,0,0,0,0,0,0,0,0,0,0,0,0,0,0,0,0,0,0,0,0,0,900,-16.21240633,,,,,,
60.81,11.42,0,0,0,0,0,27.77,0,0,0,0,0,0,0,0,0,0,0,0,0,0,0,0,0,0,0,0,0,0,0,0,900,-16.14855486,,,,,,
54.5,10.24,0,0,0,0,0,35.26,0,0,0,0,0,0,0,0,0,0,0,0,0,0,0,0,0,0,0,0,0,0,0,0,900,-16.21240633,,,,,,
43.53,8.18,0,0,0,0,0,48.29,0,0,0,0,0,0,0,0,0,0,0,0,0,0,0,0,0,0,0,0,0,0,0,0,900,-18.42068074,,,,,,
63.95,36.05,0,0,0,0,0,0,0,0,0,0,0,0,0,0,0,0,0,0,0,0,0,0,0,0,0,0,0,0,0,0,900,-18.01521564,,,,,,
56.56,31.88,0,0,0,0,0,11.56,0,0,0,0,0,0,0,0,0,0,0,0,0,0,0,0,0,0,0,0,0,0,0,0,900,-16.14855486,,,,,,
50.13,28.25,0,0,0,0,0,21.62,0,0,0,0,0,0,0,0,0,0,0,0,0,0,0,0,0,0,0,0,0,0,0,0,900,-18.91497707,,,,,,
44.47,25.07,0,0,0,0,0,30.46,0,0,0,0,0,0,0,0,0,0,0,0,0,0,0,0,0,0,0,0,0,0,0,0,900,-18.76317105,,,,,,
39.46,22.24,0,0,0,0,0,38.3,0,0,0,0,0,0,0,0,0,0,0,0,0,0,0,0,0,0,0,0,0,0,0,0,900,-18.77735569,,,,,,
30.99,17.47,0,0,0,0,0,51.54,0,0,0,0,0,0,0,0,0,0,0,0,0,0,0,0,0,0,0,0,0,0,0,0,900,-16.28061458,,,,,,
99,0,0,0,0,0,0,1,0,0,0,0,0,0,0,0,0,0,0,0,0,0,0,0,0,0,0,0,0,0,0,0,895,-7.60090246,,,,,,
100,0,0,0,0,0,0,0,0,0,0,0,0,0,0,0,0,0,0,0,0,0,0,0,0,0,0,0,0,0,0,0,895,-3.9633163,,,,,,
95.68,0,0,0,0,0,0,4.32,0,0,0,0,0,0,0,0,0,0,0,0,0,0,0,0,0,0,0,0,0,0,0,0,982,-7.158784034,,,,,,
95.68,0,0,0,0,0,0,4.32,0,0,0,0,0,0,0,0,0,0,0,0,0,0,0,0,0,0,0,0,0,0,0,0,998,-6.767993337,,,,,,
95.68,0,0,0,0,0,0,4.32,0,0,0,0,0,0,0,0,0,0,0,0,0,0,0,0,0,0,0,0,0,0,0,0,1098,-5.956097403,,,,,,
95.68,0,0,0,0,0,0,4.32,0,0,0,0,0,0,0,0,0,0,0,0,0,0,0,0,0,0,0,0,0,0,0,0,1198,-4.509860006,,,,,,
71.25,23.75,0,0,0,0,0,5,0,0,0,0,0,0,0,0,0,0,0,0,0,0,0,0,0,0,0,0,0,0,0,0,700,-16.48915933,,,,,,
71.25,23.75,0,0,0,0,0,5,0,0,0,0,0,0,0,0,0,0,0,0,0,0,0,0,0,0,0,0,0,0,0,0,800,-13.20032492,,,,,,
67.5,22.5,0,0,0,0,0,10,0,0,0,0,0,0,0,0,0,0,0,0,0,0,0,0,0,0,0,0,0,0,0,0,700,-16.7914402,,,,,,
67.5,22.5,0,0,0,0,0,10,0,0,0,0,0,0,0,0,0,0,0,0,0,0,0,0,0,0,0,0,0,0,0,0,800,-13.98986395,,,,,,
63.75,21.25,0,0,0,0,0,15,0,0,0,0,0,0,0,0,0,0,0,0,0,0,0,0,0,0,0,0,0,0,0,0,700,-16.81124283,,,,,,
63.75,21.25,0,0,0,0,0,15,0,0,0,0,0,0,0,0,0,0,0,0,0,0,0,0,0,0,0,0,0,0,0,0,800,-13.6166597,,,,,,
60,20,0,0,0,0,0,20,0,0,0,0,0,0,0,0,0,0,0,0,0,0,0,0,0,0,0,0,0,0,0,0,700,-16.24592902,,,,,,
60,20,0,0,0,0,0,20,0,0,0,0,0,0,0,0,0,0,0,0,0,0,0,0,0,0,0,0,0,0,0,0,800,-12.8952278,,,,,,
56.25,18.75,0,0,0,0,0,25,0,0,0,0,0,0,0,0,0,0,0,0,0,0,0,0,0,0,0,0,0,0,0,0,700,-15.50291001,,,,,,
56.25,18.75,0,0,0,0,0,25,0,0,0,0,0,0,0,0,0,0,0,0,0,0,0,0,0,0,0,0,0,0,0,0,800,-12.59763485,,,,,,
9.11,5.13,0,0,0,0,0,0,0,0,19.78,0,0,0,22.42,21.24,22.32,0,0,0,0,0,0,0,0,0,0,0,0,0,0,0,700,-14.88262418,,,,,,
9.11,5.13,0,0,0,0,0,0,0,0,19.78,0,0,0,22.42,21.24,22.32,0,0,0,0,0,0,0,0,0,0,0,0,0,0,0,900,-12.00722179,,,,,,
9.11,5.13,0,0,0,0,0,0,0,0,19.78,0,0,0,22.42,21.24,22.32,0,0,0,0,0,0,0,0,0,0,0,0,0,0,0,1100,-9.567015316,,,,,,
8.66,9.76,0,0,0,0,0,0,0,0,18.81,0,0,0,21.32,20.21,21.24,0,0,0,0,0,0,0,0,0,0,0,0,0,0,0,700,-15.93577409,,,,,,
8.66,9.76,0,0,0,0,0,0,0,0,18.81,0,0,0,21.32,20.21,21.24,0,0,0,0,0,0,0,0,0,0,0,0,0,0,0,900,-14.73932956,,,,,,
8.66,9.76,0,0,0,0,0,0,0,0,18.81,0,0,0,21.32,20.21,21.24,0,0,0,0,0,0,0,0,0,0,0,0,0,0,0,1100,-11.67898005,,,,,,
8.28,13.95,0,0,0,0,0,0,0,0,17.92,0,0,0,20.31,19.3,20.24,0,0,0,0,0,0,0,0,0,0,0,0,0,0,0,700,-16.28888397,,,,,,
8.28,13.95,0,0,0,0,0,0,0,0,17.92,0,0,0,20.31,19.3,20.24,0,0,0,0,0,0,0,0,0,0,0,0,0,0,0,900,-14.93025223,,,,,,
8.28,13.95,0,0,0,0,0,0,0,0,17.92,0,0,0,20.31,19.3,20.24,0,0,0,0,0,0,0,0,0,0,0,0,0,0,0,1100,-12.06110688,,,,,,
20,0,0,20,0,0,0,20,20,20,0,0,0,0,0,0,0,0,0,0,0,0,0,0,0,0,0,0,0,0,0,0,1300,-7.873878385,,,,,,
20,0,0,20,0,0,0,20,20,20,0,0,0,0,0,0,0,0,0,0,0,0,0,0,0,0,0,0,0,0,0,0,1400,-7.103499856,,,,,,
20,0,0,20,0,0,0,20,20,20,0,0,0,0,0,0,0,0,0,0,0,0,0,0,0,0,0,0,0,0,0,0,1500,-4.489611845,,,,,,
2.02,1.38,0,0,4.08,0,0.06,0,0,0,20.39,0,0,0,0,0,66.45,5.62,0,0,0,0,0,0,0,0,0,0,0,0,0,0,800,-14.95494484,,,,,,
2.02,1.38,0,0,4.08,0,0.06,0,0,0,20.39,0,0,0,0,0,66.45,5.62,0,0,0,0,0,0,0,0,0,0,0,0,0,0,900,-11.89858795,,,,,,
2.02,1.38,0,0,4.08,0,0.06,0,0,0,20.39,0,0,0,0,0,66.45,5.62,0,0,0,0,0,0,0,0,0,0,0,0,0,0,1000,-10.20459265,,,,,,
2.02,1.38,0,0,4.08,0,0.06,0,0,0,20.39,0,0,0,0,0,66.45,5.62,0,0,0,0,0,0,0,0,0,0,0,0,0,0,1100,-8.568486486,,,,,,
4.3,1.1,49.6,0,4.5,0,0,0,0,0,12.2,0,0,0,24.6,0,0,3.7,0,0,0,0,0,0,0,0,0,0,0,0,0,0,800,-12.3883942,,,,,,
4.3,1.1,49.6,0,4.5,0,0,0,0,0,12.2,0,0,0,24.6,0,0,3.7,0,0,0,0,0,0,0,0,0,0,0,0,0,0,900,-11.59993684,,,,,,
4.3,1.1,49.6,0,4.5,0,0,0,0,0,12.2,0,0,0,24.6,0,0,3.7,0,0,0,0,0,0,0,0,0,0,0,0,0,0,1000,-10.16919072,,,,,,
73.38,0,0,0,0,14.35,12.27,0,0,0,0,0,0,0,0,0,0,0,0,0,0,0,0,0,0,0,0,0,0,0,0,0,1000,-11.10746036,,,,,,
73.38,0,0,0,0,14.35,12.27,0,0,0,0,0,0,0,0,0,0,0,0,0,0,0,0,0,0,0,0,0,0,0,0,0,1100,-8.650724584,,,,,,
73.38,0,0,0,0,14.35,12.27,0,0,0,0,0,0,0,0,0,0,0,0,0,0,0,0,0,0,0,0,0,0,0,0,0,1200,-7.250245588,,,,,,
73.38,0,0,0,0,14.35,12.27,0,0,0,0,0,0,0,0,0,0,0,0,0,0,0,0,0,0,0,0,0,0,0,0,0,1300,-5.49433225,,,,,,
73.38,0,0,0,0,14.35,12.27,0,0,0,0,0,0,0,0,0,0,0,0,0,0,0,0,0,0,0,0,0,0,0,0,0,1400,-3.496607566,,,,,,
83.33,14.82,0,0,0,0,0,1.85,0,0,0,0,0,0,0,0,0,0,0,0,0,0,0,0,0,0,0,0,0,0,0,0,900,-12.91039313,,,,,,
82.57,14.68,0,0,0,0,0,1.83,0,0,0,0.92,0,0,0,0,0,0,0,0,0,0,0,0,0,0,0,0,0,0,0,0,900,-13.69772752,,,,,,
0,10.69,0,0,0,0,0,0,0,0,20.6,0,0,0,23.34,22.12,23.25,0,0,0,0,0,0,0,0,0,0,0,0,0,0,0,1000,-13.87738596,,,,,,
0,11.8,0,0,0,0,0,0,0,0,22.77,0,0,0,25.81,0,25.7,0,13.91,0,0,0,0,0,0,0,0,0,0,0,0,0,1000,-14.89432022,,,,,,
0,8.54,0,0,0,0,0,0,0,0,16.46,0,0,0,18.65,17.67,18.57,0,20.11,0,0,0,0,0,0,0,0,0,0,0,0,0,1000,-16.3412392,,,,,,
0,31.47,0,0.11,0,0,0,0,0,0,0,0,0,0,0,0,68.4,0,0,0,0,0,0,0,0,0,0,0,0,0,0,0,1000,-19.38826477,,,,,,
0,31.49,0,0,0,0,0,0,0,0,0,0,0,0,0,0,68.51,0,0,0,0,0,0,0,0,0,0,0,0,0,0,0,1000,-17.28927863,,,,,,
0,28.55,0,0.1,0,0,0,0,0,0,0,0,0,0,0,0,71.35,0,0,0,0,0,0,0,0,0,0,0,0,0,0,0,1000,-16.83144554,,,,,,
0,25.73,0,0.1,0,0,0,0,0,0,0,0,0,0,0,0,74.16,0,0,0,0,0,0,0,0,0,0,0,0,0,0,0,1000,-15.93577409,,,,,,
0,22.7,0,0.1,0,0,0,0,0,0,0,0,0,0,0,0,77.19,0,0,0,0,0,0,0,0,0,0,0,0,0,0,0,1000,-15.85573139,,,,,,
0,20.89,0,0.1,0,0,0,0,0,0,0,0,0,0,0,0,79.01,0,0,0,0,0,0,0,0,0,0,0,0,0,0,0,1000,-16.11809565,,,,,,
0,19.14,0,0.1,0,0,0,0,0,0,0,0,0,0,0,0,80.76,0,0,0,0,0,0,0,0,0,0,0,0,0,0,0,1000,-16.96206572,,,,,,
0,16.45,0,0.09,0,0,0,0,0,0,0,0,0,0,0,0,83.44,0,0,0,0,0,0,0,0,0,0,0,0,0,0,0,1000,-15.16258421,,,,,,
0,16.46,0,0,0,0,0,0,0,0,0,0,0,0,0,0,83.54,0,0,0,0,0,0,0,0,0,0,0,0,0,0,0,1000,-16.51857322,,,,,,
0,2.87,0,0,0,0,0,0,0,0,4.61,0,0,0,0,0,92.52,0,0,0,0,0,0,0,0,0,0,0,0,0,0,0,1000,-18.08420851,,,,,,
0,28.85,0,0,0,0,0,0,0,0,8.38,0,0,0,0,0,62.76,0,0,0,0,0,0,0,0,0,0,0,0,0,0,0,1000,-17.1397469,,,,,,
0,25.94,0,0,0,0,0,0,0,0,17.64,0,0,0,0,0,56.42,0,0,0,0,0,0,0,0,0,0,0,0,0,0,0,1000,-16.46058596,,,,,,
0,19.37,0,0,0,0,0,0,0,0,38.47,0,0,0,0,0,42.16,0,0,0,0,0,0,0,0,0,0,0,0,0,0,0,1000,-15.78162341,,,,,,
83.49,16.51,0,0,0,0,0,0,0,0,0,0,0,0,0,0,0,0,0,0,0,0,0,0,0,0,0,0,0,0,0,0,1000,-6.119297919,,,,,,
77.5,22.5,0,0,0,0,0,0,0,0,0,0,0,0,0,0,0,0,0,0,0,0,0,0,0,0,0,0,0,0,0,0,1000,-7.264430223,,,,,,
64.87,35.13,0,0,0,0,0,0,0,0,0,0,0,0,0,0,0,0,0,0,0,0,0,0,0,0,0,0,0,0,0,0,1000,-9.220390708,,,,,,
73.58,6.91,0,0,0,7.2,12.31,0,0,0,0,0,0,0,0,0,0,0,0,0,0,0,0,0,0,0,0,0,0,0,0,0,900,-10.55741402,,,,,,
73.58,6.91,0,0,0,7.2,12.31,0,0,0,0,0,0,0,0,0,0,0,0,0,0,0,0,0,0,0,0,0,0,0,0,0,1000,-7.523941418,,,,,,
73.58,6.91,0,0,0,7.2,12.31,0,0,0,0,0,0,0,0,0,0,0,0,0,0,0,0,0,0,0,0,0,0,0,0,0,1100,-4.268697949,,,,,,
73.58,6.91,0,0,0,7.2,12.31,0,0,0,0,0,0,0,0,0,0,0,0,0,0,0,0,0,0,0,0,0,0,0,0,0,1200,-4.074541935,,,,,,
73.79,13.86,0,0,0,0,12.34,0,0,0,0,0,0,0,0,0,0,0,0,0,0,0,0,0,0,0,0,0,0,0,0,0,1000,-14.70710868,,,,,,
73.79,13.86,0,0,0,0,12.34,0,0,0,0,0,0,0,0,0,0,0,0,0,0,0,0,0,0,0,0,0,0,0,0,0,1100,-12.82225878,,,,,,
73.79,13.86,0,0,0,0,12.34,0,0,0,0,0,0,0,0,0,0,0,0,0,0,0,0,0,0,0,0,0,0,0,0,0,1200,-12.38042603,,,,,,
0,18.87,0,0,0,0,8.4,0,0,0,72.73,0,0,0,0,0,0,0,0,0,0,0,0,0,0,0,0,0,0,0,0,0,1000,-16.02278547,,,,,,
0,18.87,0,0,0,0,8.4,0,0,0,72.73,0,0,0,0,0,0,0,0,0,0,0,0,0,0,0,0,0,0,0,0,0,1100,-12.98260144,,,,,,
0,18.87,0,0,0,0,8.4,0,0,0,72.73,0,0,0,0,0,0,0,0,0,0,0,0,0,0,0,0,0,0,0,0,0,1200,-12.09274396,,,,,,
73.73,12.47,0,0,0,1.45,12.33,0,0,0,0,0,0,0,0,0,0,0,0,0,0,0,0,0,0,0,0,0,0,0,0,0,1000,-14.78309458,,,,,,
73.73,12.47,0,0,0,1.45,12.33,0,0,0,0,0,0,0,0,0,0,0,0,0,0,0,0,0,0,0,0,0,0,0,0,0,1100,-13.94334393,,,,,,
73.73,12.47,0,0,0,1.45,12.33,0,0,0,0,0,0,0,0,0,0,0,0,0,0,0,0,0,0,0,0,0,0,0,0,0,1200,-11.99096127,,,,,,
73.71,10.39,0,0,0,3.61,12.33,0,0,0,0,0,0,0,0,0,0,0,0,0,0,0,0,0,0,0,0,0,0,0,0,0,1100,-13.81551056,,,,,,
73.42,1.38,0,0,0,12.92,12.28,0,0,0,0,0,0,0,0,0,0,0,0,0,0,0,0,0,0,0,0,0,0,0,0,0,1000,-14.95494484,,,,,,
73.42,1.38,0,0,0,12.92,12.28,0,0,0,0,0,0,0,0,0,0,0,0,0,0,0,0,0,0,0,0,0,0,0,0,0,1100,-13.633189,,,,,,
73.42,1.38,0,0,0,12.92,12.28,0,0,0,0,0,0,0,0,0,0,0,0,0,0,0,0,0,0,0,0,0,0,0,0,0,1200,-12.4292162,,,,,,
0,5.15,0,0,0,0,0,0,0,0,22.06,0,0,0,24,22.85,25.93,0,0,0,0,0,0,0,0,0,0,0,0,0,0,0,1050,-11.41761529,,,,,,
0,10.94,0,0,0,3.42,0,0,0,0,27.2,0,0,0,29.3,0,29.15,0,0,0,0,0,0,0,0,0,0,0,0,0,0,0,1050,-19.0940253,,,,,,
0,7.91,0,0,0,2.7,0,0,0,0,10.42,0,0,0,39.29,0,39.67,0,0,0,0,0,0,0,0,0,0,0,0,0,0,0,1050,-19.44233199,,,,,,
2.55,1.7,0,0,9.5,0.15,0.06,0,0,0,19,0.005,0.3,0,10,1.5,55.23,0,0,0,0,0,0,0,0,0,0,0,0,0,0,0,800,-12.15200542,,,,,,
2.55,1.7,0,0,9.5,0.15,0.06,0,0,0,19,0.005,0.3,0,10,1.5,55.23,0,0,0,0,0,0,0,0,0,0,0,0,0,0,0,900,-11.71544973,,,,,,
2.55,1.7,0,0,9.5,0.15,0.06,0,0,0,19,0.005,0.3,0,10,1.5,55.23,0,0,0,0,0,0,0,0,0,0,0,0,0,0,0,1000,-10.236632,,,,,,
58.7,31.4,0,0,4.8,0,0,1.2,0,0,3.9,0,0,0,0,0,0,0,0,0,0,0,0,0,0,0,0,0,0,0,0,0,900,-7.548310009,,,,,,
45.1,29.4,0,0,12.4,0,0,6.8,0,0,6.2,0,0,0,0,0,0,0,0,0,0,0,0,0,0,0,0,0,0,0,0,0,900,-6.873353852,,,,,,
35.3,30.1,0,0,15.8,0,0,10.2,0,0,8.6,0,0,0,0,0,0,0,0,0,0,0,0,0,0,0,0,0,0,0,0,0,900,-6.59733372,,,,,,
16.67,20,0,0,0,0,30,0,0,0,33.33,0,0,0,0,0,0,0,0,0,0,0,0,0,0,0,0,0,0,0,0,0,800,-19.36228928,,,,,,
16.67,20,0,0,0,0,30,0,0,0,33.33,0,0,0,0,0,0,0,0,0,0,0,0,0,0,0,0,0,0,0,0,0,900,-15.64809202,,,,,,
0,6.5,0,0,0,3.4,0,0,0,0,20.8,0,0,0,23.6,22.3,23.5,0,0,0,0,0,0,0,0,0,0,0,0,0,0,0,900,-13.51952968,,,,,,
0,6.7,0,0,0,0,0,0,0,0,21.5,0,0,0,24.4,23.1,24.3,0,0,0,0,0,0,0,0,0,0,0,0,0,0,0,900,-13.64717524,,,,,,
0,0,0,0,0,0,0,0,0,0,47,0,0,0,0,0,53,0,0,0,0,0,0,0,0,0,0,0,0,0,0,0,900,-22.69734686,,,,,,
0,6.7,0,0,0,0,0,0,0,0,21.5,0,0,0,24.4,23.1,24.3,0,0,0,0,0,0,0,0,0,0,0,0,0,0,0,1000,-12.07115333,,,,,,
16.67,16.67,0,0,5.66,0,0,0,0,0,16.66,0,0,0,0,0,16.67,16.67,0,0,0,0,0,0,0,0,0,0,0,0,0,0,800,-14.08848648,,,,,,
16.67,16.67,0,0,5.66,0,0,0,0,0,16.66,0,0,0,0,0,16.67,16.67,0,0,0,0,0,0,0,0,0,0,0,0,0,0,900,-10.57129193,,,,,,
0.34,1.2,0,0,8.5,0,0.04,0,0,0,22.2,0.004,0,0,12.1,0,55.616,0,0,0,0,0,0,0,0,0,0,0,0,0,0,0,900,-0.336872317,,,,,,
0.34,1.2,0,0,8.5,0,0.04,0,0,0,22.2,0.004,0,0,12.1,0,55.616,0,0,0,0,0,0,0,0,0,0,0,0,0,0,0,1000,1.599387577,,,,,,
2,2,0,0,0,1,0,0,0,0,20,0,0,0,20,5,50,0,0,0,0,0,0,0,0,0,0,0,0,0,0,0,1000,-9.612311591,,,,,,
2,2,0,0,0,1,0,0,0,0,20,0,0,0,20,5,50,0,0,0,0,0,0,0,0,0,0,0,0,0,0,0,900,-13.56086834,,,,,,
2,2,0,0,0,1,0,0,0,0,20,0,0,0,20,5,50,0,0,0,0,0,0,0,0,0,0,0,0,0,0,0,800,-15.73283325,,,,,,
3.2,1.6,0,0,8,0,0.06,0,0,0,19,0,0,0,11,0,54.14,3,0,0,0,0,0,0,0,0,0,0,0,0,0,0,800,-11.14828235,,,,,,
3.2,1.6,0,0,8,0,0.06,0,0,0,19,0,0,0,11,0,54.14,3,0,0,0,0,0,0,0,0,0,0,0,0,0,0,1000,-9.942228381,,,,,,
0,0,0,0,0,0,0,0,0,0,18.1,0,0,0,20.5,19.4,20.4,0,22.1,0,0,0,0,0,0,0,0,0,0,0,0,0,1000,-12.63993723,,,,,,
0,4.5,0,0,0,0,0,0,0,0,17.2,0,0,0,19.5,18.5,19.4,0,21,0,0,0,0,0,0,0,0,0,0,0,0,0,1000,-13.83980325,,,,,,
0,8.54,0,0,0,0,0,0,0,0,16.46,0,0,0,18.65,17.67,18.57,0,20.11,0,0,0,0,0,0,0,0,0,0,0,0,0,1000,-15.73965922,,,,,,
0,12.28,0,0,0,0,0,0,0,0,15.78,0,0,0,17.88,16.95,17.81,0,19.29,0,0,0,0,0,0,0,0,0,0,0,0,0,1000,-16.20528886,,,,,,
0,15.69,0,0,0,0,0,0,0,0,15.12,0,0,0,17.13,16.23,17.06,0,18.47,0,0,0,0,0,0,0,0,0,0,0,0,0,1000,-16.37557188,,,,,,
28.85,3.84,0,0,0,38.46,28.85,0,0,0,0,0,0,0,0,0,0,0,0,0,0,0,0,0,0,0,0,0,0,0,0,0,1200,-7.690827167,,,,,,
28.85,3.84,0,0,0,38.46,28.85,0,0,0,0,0,0,0,0,0,0,0,0,0,0,0,0,0,0,0,0,0,0,0,0,0,1300,-6.637728142,,,,,,
0,0,0,0,0,0,0,0,0,0,0,0,0,0,100,0,0,0,0,0,0,0,0,0,0,0,0,0,0,0,0,0,800,-7.143477613,,,,,,
0,0,0,0,0,0,0,0,0,0,0,0,0,0,100,0,0,0,0,0,0,0,0,0,0,0,0,0,0,0,0,0,900,-5.099466508,,,,,,
0,0,0,0,0,0,0,0,0,0,0,0,0,0,100,0,0,0,0,0,0,0,0,0,0,0,0,0,0,0,0,0,1000,-3.411247718,,,,,,
0,4.77,0,0,0,0,0,0,0,0,0,0,0,0,95.23,0,0,0,0,0,0,0,0,0,0,0,0,0,0,0,0,0,800,-5.240048458,,,,,,
0,4.77,0,0,0,0,0,0,0,0,0,0,0,0,95.23,0,0,0,0,0,0,0,0,0,0,0,0,0,0,0,0,0,900,-2.882403588,,,,,,
0,4.77,0,0,0,0,0,0,0,0,0,0,0,0,95.23,0,0,0,0,0,0,0,0,0,0,0,0,0,0,0,0,0,1000,-1.771956842,,,,,,
0,10.7,0,0,0,0,0,0,0,0,0,0,0,0,89.3,0,0,0,0,0,0,0,0,0,0,0,0,0,0,0,0,0,800,-7.706262975,,,,,,
0,10.7,0,0,0,0,0,0,0,0,0,0,0,0,89.3,0,0,0,0,0,0,0,0,0,0,0,0,0,0,0,0,0,900,-5.713832811,,,,,,
0,10.7,0,0,0,0,0,0,0,0,0,0,0,0,89.3,0,0,0,0,0,0,0,0,0,0,0,0,0,0,0,0,0,1000,-4.074541935,,,,,,
0,14.21,0,0,0,0,0,0,0,0,0,0,0,0,85.79,0,0,0,0,0,0,0,0,0,0,0,0,0,0,0,0,0,800,-8.740336743,,,,,,
0,14.21,0,0,0,0,0,0,0,0,0,0,0,0,85.79,0,0,0,0,0,0,0,0,0,0,0,0,0,0,0,0,0,900,-5.521460918,,,,,,
0,14.21,0,0,0,0,0,0,0,0,0,0,0,0,85.79,0,0,0,0,0,0,0,0,0,0,0,0,0,0,0,0,0,1000,-4.755993076,,,,,,
0,20.24,0,0,0,0,0,0,0,0,0,0,0,0,79.76,0,0,0,0,0,0,0,0,0,0,0,0,0,0,0,0,0,800,-9.326874188,,,,,,
0,20.24,0,0,0,0,0,0,0,0,0,0,0,0,79.76,0,0,0,0,0,0,0,0,0,0,0,0,0,0,0,0,0,900,-7.542633551,,,,,,
0,20.24,0,0,0,0,0,0,0,0,0,0,0,0,79.76,0,0,0,0,0,0,0,0,0,0,0,0,0,0,0,0,0,1000,-5.278514739,,,,,,
0,24.58,0,0,0,0,0,0,0,0,0,0,0,0,75.42,0,0,0,0,0,0,0,0,0,0,0,0,0,0,0,0,0,800,-11.33060391,,,,,,
0,24.58,0,0,0,0,0,0,0,0,0,0,0,0,75.42,0,0,0,0,0,0,0,0,0,0,0,0,0,0,0,0,0,900,-10.1779244,,,,,,
0,24.58,0,0,0,0,0,0,0,0,0,0,0,0,75.42,0,0,0,0,0,0,0,0,0,0,0,0,0,0,0,0,0,1000,-11.94370838,,,,,,
0,32.41,0,0,0,0,0,0,0,0,0,0,0,0,67.59,0,0,0,0,0,0,0,0,0,0,0,0,0,0,0,0,0,800,-13.41004545,,,,,,
0,32.41,0,0,0,0,0,0,0,0,0,0,0,0,67.59,0,0,0,0,0,0,0,0,0,0,0,0,0,0,0,0,0,900,-13.28488231,,,,,,
0,32.41,0,0,0,0,0,0,0,0,0,0,0,0,67.59,0,0,0,0,0,0,0,0,0,0,0,0,0,0,0,0,0,1000,-11.41761529,,,,,,
0,0,0,0,0,0,0,0,0,0,21.4,0,0,0,0,0,78.6,0,0,0,0,0,0,0,0,0,0,0,0,0,0,0,1000,-12.71689827,,,,,,
0,0,0,0,0,0,0,0,0,0,21.4,0,0,0,0,0,78.6,0,0,0,0,0,0,0,0,0,0,0,0,0,0,0,1200,-9.028018815,,,,,,
0,0,0,0,0,0,0.089,0,0,0,20.4,0,0,0,0,0.27,79.241,0,0,0,0,0,0,0,0,0,0,0,0,0,0,0,1100,-10.41431318,,,,,,
0,52.85,0,0,0,0,0,0,0,0,0,0,0,0,47.15,0,0,0,0,0,0,0,0,0,0,0,0,0,0,0,0,0,500,-16.07887494,,,,,,
0,52.85,0,0,0,0,0,0,0,0,0,0,0,0,47.15,0,0,0,0,0,0,0,0,0,0,0,0,0,0,0,0,0,700,-13.32081432,,,,,,
0,52.85,0,0,0,0,0,0,0,0,0,0,0,0,47.15,0,0,0,0,0,0,0,0,0,0,0,0,0,0,0,0,0,900,-11.54235428,,,,,,
0,59.18,0,0,0,0,0,0,0,0,0,0,0,0,40.82,0,0,0,0,0,0,0,0,0,0,0,0,0,0,0,0,0,500,-17.93210073,,,,,,
0,59.18,0,0,0,0,0,0,0,0,0,0,0,0,40.82,0,0,0,0,0,0,0,0,0,0,0,0,0,0,0,0,0,700,-13.6248902,,,,,,
0,59.18,0,0,0,0,0,0,0,0,0,0,0,0,40.82,0,0,0,0,0,0,0,0,0,0,0,0,0,0,0,0,0,900,-10.58076138,,,,,,
0,0,0,0,0,0,0,0,0,0,18.5,0,17.6,0,20.3,21,22.6,0,0,0,0,0,0,0,0,0,0,0,0,0,0,0,900,-10.22890995,,,,,,
0,0,0,0,0,0,0,0,0,0,18.5,0,17.6,0,20.3,21,22.6,0,0,0,0,0,0,0,0,0,0,0,0,0,0,0,1000,-8.375018703,,,,,,
0,0,0,0,0,0,0,0,0,0,18.5,0,17.6,0,20.3,21,22.6,0,0,0,0,0,0,0,0,0,0,0,0,0,0,0,1100,-6.953217653,,,,,,
0,0.018,0,0,0,0.033,0,0,0,0,0,0,0.006,0,0,0.016,0,0,0,0.003,99.924,0,0,0,0,0,0,0,0,0,0,0,500,-14.03865411,,,,,,
0,0,0,0,0,0,0,0,0,0,18.54,0,19.59,0,21.02,19.91,20.94,0,0,0,0,0,0,0,0,0,0,0,0,0,0,0,900,-7.9266326,,,,,,
0,0,0,0,0,0,0,0,0,0,18.3,0,0,0,20.74,19.65,41.31,0,0,0,0,0,0,0,0,0,0,0,0,0,0,0,900,-6.653113061,,,,,,
0,4.53,0,0,0,0,0,0,0,0,17.47,0,0,0,19.8,18.76,39.44,0,0,0,0,0,0,0,0,0,0,0,0,0,0,0,900,-5.444499877,,,,,,
0,8.68,0,0,0,0,0,0,0,0,16.71,0,0,0,18.94,17.96,37.71,0,0,0,0,0,0,0,0,0,0,0,0,0,0,0,900,-6.564165575,,,,,,
0,10.69,0,0,0,0,0,0,0,0,20.6,0,0,0,23.35,22.12,23.25,0,0,0,0,0,0,0,0,0,0,0,0,0,0,0,900,-7.516561311,,,,,,
0,10.69,0,0,0,0.02,0,0,0,0,20.59,0,0,0,23.34,22.11,23.24,0,0,0,0,0,0,0,0,0,0,0,0,0,0,0,900,-8.421883012,,,,,,
0,10.69,0,0,0,0.04,0,0,0,0,20.58,0,0,0,23.33,22.11,23.24,0,0,0,0,0,0,0,0,0,0,0,0,0,0,0,900,-7.824046011,,,,,,
0,10.55,0,0,0,1.32,0,0,0,0,20.33,0,0,0,23.04,21.83,22.94,0,0,0,0,0,0,0,0,0,0,0,0,0,0,0,900,-8.606024405,,,,,,
0,2.5,0,0,0,0,0,0,0,0,24,0,0,0,23.5,26,24,0,0,0,0,0,0,0,0,0,0,0,0,0,0,0,1000,-10.54784457,,,,,,
0,10,0,0,0,0,0,0,0,0,22.5,0,0,0,22.5,22.5,22.5,0,0,0,0,0,0,0,0,0,0,0,0,0,0,0,1050,-19.47847104,,,,,,
0,13,0,0,0,0,0,0,0,0,21.6,0,0,0,21.7,21.7,21.8,0,0,0,0,0,0,0,0,0,0,0,0,0,0,0,1200,-19.36514235,,,,,,
0,10,0,0,0,0,0,0,0,0,20,0,0,0,20,20,30,0,0,0,0,0,0,0,0,0,0,0,0,0,0,0,1000,-14.45459052,,,,,,
0,9.3,0,0,0,0,0,0,0,0,18.4,0,0,0,18,18.3,36,0,0,0,0,0,0,0,0,0,0,0,0,0,0,0,900,-14.45459052,,,,,,
0,16.6,0,0,0,0,0,0,0,0,16.4,0,0,0,16.4,16.4,34,0,0,0,0,0,0,0,0,0,0,0,0,0,0,0,900,-15.62407715,,,,,,
0,49,0,0,0,0,0,0,0,0,111.8,0,0,0,13.4,12.7,13.3,0,0,0,0,0,0,0,0,0,0,0,0,0,0,0,1000,-10.59663473,,,,,,
0,54.5,0,0,0,0,0,0,0,0,10.5,0,0,0,11.9,11.3,11.9,0,0,0,0,0,0,0,0,0,0,0,0,0,0,0,1000,-11.10746036,,,,,,
0,64.2,0,0,0,0,0,0,0,0,8.3,0,0,0,9.4,8.9,9.3,0,0,0,0,0,0,0,0,0,0,0,0,0,0,0,800,-14.99316605,,,,,,
0,64.2,0,0,0,0,0,0,0,0,8.3,0,0,0,9.4,8.9,9.3,0,0,0,0,0,0,0,0,0,0,0,0,0,0,0,900,-13.93092141,,,,,,
0,64.2,0,0,0,0,0,0,0,0,8.3,0,0,0,9.4,8.9,9.3,0,0,0,0,0,0,0,0,0,0,0,0,0,0,0,1000,-12.44687113,,,,,,
0,7.81,0,0,0,2.71,0,0,0,0,10.04,0,0,0,39.8,0,39.64,0,0,0,0,0,0,0,0,0,0,0,0,0,0,0,1000,-17.58777162,,,,,,
0,63.5,0,0,0,16.5,0,0,0,0,6.1,0,0,0,6.9,0,6.9,0,0,0,0,0,0,0,0,0,0,0,0,0,0,0,1000,-18.96540792,,,,,,
0,78.3,0,0,0,0,0,0,0,0,5,0,0,0,5.7,5.4,5.7,0,0,0,0,0,0,0,0,0,0,0,0,0,0,0,1000,-13.17365667,,,,,,
0,0,0,0,0,0,0,0,0,0,18,0,0,0,20.4,19.3,20.3,0,22,0,0,0,0,0,0,0,0,0,0,0,0,0,800,-15.42494847,,,,,,
0,0,0,0,0,0,0,0,0,0,18,0,0,0,20.4,19.3,20.3,0,22,0,0,0,0,0,0,0,0,0,0,0,0,0,900,-13.633189,,,,,,
0,0,0,0,0,0,0,0,0,0,18.54,0,19.59,0,21.01,19.91,20.93,0,0,0,0,0,0,0,0,0,0,0,0,0,0,0,800,-10.98229721,,,,,,
0,0,0,0,0,0,0,0,0,0,18.54,0,19.59,0,21.01,19.91,20.93,0,0,0,0,0,0,0,0,0,0,0,0,0,0,0,900,-10.10193849,,,,,,
0,0,0,0,0,0,0,0,0,0,33.33,0,0,0,33.33,0,33.34,0,0,0,0,0,0,0,0,0,0,0,0,0,0,0,900,-11.31453008,,,,,,
0,0,0,0,0,0,0,0,0,0,33.33,0,0,0,33.33,0,33.34,0,0,0,0,0,0,0,0,0,0,0,0,0,0,0,1000,-10.035116,,,,,,
0,0,0,0,0,0,0,0,0,0,33.33,0,0,0,33.33,0,33.34,0,0,0,0,0,0,0,0,0,0,0,0,0,0,0,1100,-7.111300472,,,,,,
0,0,0,0,0,0,0,76.3,0,0,13,0,0,0,0,0,0,10.7,0,0,0,0,0,0,0,0,0,0,0,0,0,0,1300,-0.175213545,,,,,,
0,0,0,0,0,0,0,70.7,0,0,18.6,0,0,0,0,0,0,10.7,0,0,0,0,0,0,0,0,0,0,0,0,0,0,1300,-0.241788516,,,,,,
0,0,0,0,0,0,0,64.5,0,0,26.6,0,0,0,0,0,0,8.9,0,0,0,0,0,0,0,0,0,0,0,0,0,0,1300,-1.523387645,,,,,,
0,0,0,0,0,0,0,61.2,0,0,30.3,0,0,0,0,0,0,8.5,0,0,0,0,0,0,0,0,0,0,0,0,0,0,1300,-2.335050894,,,,,,
0,0,0,0,0,0,0,76.3,0,0,13,0,0,0,0,0,0,10.7,0,0,0,0,0,0,0,0,0,0,0,0,0,0,900,-3.038871766,,,,,,
0,0,0,0,0,0,0,70.7,0,0,18.6,0,0,0,0,0,0,10.7,0,0,0,0,0,0,0,0,0,0,0,0,0,0,900,-3.201663696,,,,,,
0,0,0,0,95.89,3.04,0,0,0,0,0,1.04,0,0,0,0,0,0,0,0,0,0,0,0,0,0,0,0,0,0,0,0,1000,-11.51292546,,,,,,
0,0,0,0,95.89,3.04,0,0,0,0,0,1.04,0,0,0,0,0,0,0,0,0,0,0,0,0,0,0,0,0,0,0,0,1100,-14.35165399,,,,,,
0,0,0,0,95.89,3.04,0,0,0,0,0,1.04,0,0,0,0,0,0,0,0,0,0,0,0,0,0,0,0,0,0,0,0,1200,-9.028018815,,,,,,
0,0,0,1.1,94.81,3.05,0,0,0,0,0,1.04,0,0,0,0,0,0,0,0,0,0,0,0,0,0,0,0,0,0,0,0,1000,-17.39822982,,,,,,
0,0,0,1.1,94.81,3.05,0,0,0,0,0,1.04,0,0,0,0,0,0,0,0,0,0,0,0,0,0,0,0,0,0,0,0,1100,-16.22345617,,,,,,
0,0,0,1.1,94.81,3.05,0,0,0,0,0,1.04,0,0,0,0,0,0,0,0,0,0,0,0,0,0,0,0,0,0,0,0,1150,-13.6166597,,,,,,
0,0,0,1.1,94.81,3.05,0,0,0,0,0,1.04,0,0,0,0,0,0,0,0,0,0,0,0,0,0,0,0,0,0,0,0,1200,-8.111728083,,,,,,
0,0,0,0,0,0,0,0,0,0,0,0,0,0,0,0,0,0,0,0,86.97,10.02,3.01,0,0,0,0,0,0,0,0,0,450,-14.50865774,,,,,,
0,0,0,0,0,0,0,0,0,0,0,0,0,0,0,0,0,0,0,0,86.97,10.02,3.01,0,0,0,0,0,0,0,0,0,500,-13.65850681,,,,,,
0,0,0,0,0,0,0,0,0,0,0,0,0,0,0,0,0,0,0,0,86.97,10.02,3.01,0,0,0,0,0,0,0,0,0,550,-13.20032492,,,,,,
0,0,0,0,0,0,0,0,0,0,0,0,0,0,0,0,0,0,0,0,86.97,10.02,3.01,0,0,0,0,0,0,0,0,0,600,-12.12541474,,,,,,
0,0,0,0,0,0,0,0,0,0,100,0,0,0,0,0,0,0,0,0,0,0,0,0,0,0,0,0,0,0,0,0,1200,-2.918771232,,,,,,
0,0,0,0,0,1.67,0,0,0,0,98.33,0,0,0,0,0,0,0,0,0,0,0,0,0,0,0,0,0,0,0,0,0,1200,-4.699480865,,,,,,
0,0,0,0,0,9.24,0,0,0,0,90.73,0,0,0,0,0,0,0,0,0,0,0,0,0,0,0,0,0,0,0,0,0,1200,-7.824046011,,,,,,
0,0,0,0,0,10.52,0,0,0,0,89.48,0,0,0,0,0,0,0,0,0,0,0,0,0,0,0,0,0,0,0,0,0,1200,-7.323270723,,,,,,
0,0,0,0,0,15.7,0,0,0,0,84.3,0,0,0,0,0,0,0,0,0,0,0,0,0,0,0,0,0,0,0,0,0,1200,-7.13089883,,,,,,
0,0,0,0,0,0,10.7,0,0,0,69.3,0,0,0,0,0,20,0,0,0,0,0,0,0,0,0,0,0,0,0,0,0,800,-16.93680605,,,,,,
0,0,0,0,1,0,10.7,0,0,0,69.3,0,0,0,0,0,19,0,0,0,0,0,0,0,0,0,0,0,0,0,0,0,800,-17.84406738,,,,,,
0,22.32,0,0,0,0,0,0,39.14,0,0,0,0,0,0,0,38.54,0,0,0,0,0,0,0,0,0,0,0,0,0,0,0,1200,-14.02870378,,,,,,
0,0,0,0,0,28.84,0,0,36.75,0,0,0,0,0,0,0,34.42,0,0,0,0,0,0,0,0,0,0,0,0,0,0,0,1200,-14.19238821,,,,,,
0,0,0,0,0,35.95,0,0,27.17,0,0,0,0,0,0,0,36.88,0,0,0,0,0,0,0,0,0,0,0,0,0,0,0,1200,-13.32081432,,,,,,
0,0,0,0,0,38.86,0,0,24.98,0,0,0,0,0,0,0,36.16,0,0,0,0,0,0,0,0,0,0,0,0,0,0,0,1200,-13.07834649,,,,,,
0,15.87,0,0,0,0,0.01,0,0,0,5.46,0,0,0,0,78.66,0,0,0,0,0,0,0,0,0,0,0,0,0,0,0,0,900,-14.10319263,,,,,,
0,15.87,0,0,0,0,0.01,0,0,0,5.46,0,0,0,0,78.66,0,0,0,0,0,0,0,0,0,0,0,0,0,0,0,0,950,-13.72020038,,,,,,
0,15.87,0,0,0,0,0.01,0,0,0,5.46,0,0,0,0,78.66,0,0,0,0,0,0,0,0,0,0,0,0,0,0,0,0,1000,-13.41004545,,,,,,
0,15.87,0,0,0,0,0.01,0,0,0,5.46,0,0,0,0,78.66,0,0,0,0,0,0,0,0,0,0,0,0,0,0,0,0,1100,-11.10746036,,,,,,
0,15.87,0,0,0,0,0.01,0,0,0,5.46,0,0,0,0,78.66,0,0,0,0,0,0,0,0,0,0,0,0,0,0,0,0,1150,-10.77098812,,,,,,
0,15.87,0,0,0,0,0.01,0,0,0,5.46,0,0,0,0,78.66,0,0,0,0,0,0,0,0,0,0,0,0,0,0,0,0,1200,-10.1779244,,,,,,
0,15.85,0,0.1,0,0,0.01,0,0,0,5.46,0,0,0,0,78.58,0,0,0,0,0,0,0,0,0,0,0,0,0,0,0,0,900,-16.73428179,,,,,,
0,15.85,0,0.1,0,0,0.01,0,0,0,5.46,0,0,0,0,78.58,0,0,0,0,0,0,0,0,0,0,0,0,0,0,0,0,950,-15.78162341,,,,,,
0,15.85,0,0.1,0,0,0.01,0,0,0,5.46,0,0,0,0,78.58,0,0,0,0,0,0,0,0,0,0,0,0,0,0,0,0,1000,-14.63649111,,,,,,
0,15.85,0,0.1,0,0,0.01,0,0,0,5.46,0,0,0,0,78.58,0,0,0,0,0,0,0,0,0,0,0,0,0,0,0,0,1100,-15.64809202,,,,,,
0,15.85,0,0.1,0,0,0.01,0,0,0,5.46,0,0,0,0,78.58,0,0,0,0,0,0,0,0,0,0,0,0,0,0,0,0,1150,-13.55314629,,,,,,
0,15.85,0,0.1,0,0,0.01,0,0,0,5.46,0,0,0,0,78.58,0,0,0,0,0,0,0,0,0,0,0,0,0,0,0,0,1200,-12.00722179,,,,,,
0,1,0,99,0,0,0,0,0,0,0,0,0,0,0,0,0,0,0,0,0,0,0,0,0,0,0,0,0,0,0,0,700,-11.72278267,,,,,,
0,8.97,0,91.03,0,0,0,0,0,0,0,0,0,0,0,0,0,0,0,0,0,0,0,0,0,0,0,0,0,0,0,0,775,-10.56436117,,,,,,
0,8.97,0,91.03,0,0,0,0,0,0,0,0,0,0,0,0,0,0,0,0,0,0,0,0,0,0,0,0,0,0,0,0,950,-9.119586009,,,,,,
0,12.88,0,87.12,0,0,0,0,0,0,0,0,0,0,0,0,0,0,0,0,0,0,0,0,0,0,0,0,0,0,0,0,800,-15.06762374,,,,,,
0,22.82,0,77.18,0,0,0,0,0,0,0,0,0,0,0,0,0,0,0,0,0,0,0,0,0,0,0,0,0,0,0,0,950,-10.83641593,,,,,,
0,30.74,0,69.26,0,0,0,0,0,0,0,0,0,0,0,0,0,0,0,0,0,0,0,0,0,0,0,0,0,0,0,0,900,-12.89961991,,,,,,
65.8,34.2,0,0,0,0,0,0,0,0,0,0,0,0,0,0,0,0,0,0,0,0,0,0,0,0,0,0,0,0,0,0,800,-13.12236338,,,,,,
52.6,29.7,0,0,0,0,0,17.7,0,0,0,0,0,0,0,0,0,0,0,0,0,0,0,0,0,0,0,0,0,0,0,0,800,-14.14401462,,,,,,
1.39,5.47,0,0.05,2.37,0,0.15,1.41,0.05,0,8.71,0.01,0,0.01,9.82,0,60.2,9.98,0,0,0,0,0,0,0,0,0,0,0,0,0,0,800,-17.63222338,,,,,,
1.44,5.44,0,0.05,2.46,0,0.15,0.84,0.02,0,9.09,0.01,0,0.01,9.94,0,60.2,10.1,0,0,0,0,0,0,0,0,0,0,0,0,0,0,800,-17.77882686,,,,,,
1.39,5.47,0,0.05,2.37,0,0.15,1.41,0.05,0,8.71,0.01,0,0.01,9.82,0,60.2,9.98,0,0,0,0,0,0,0,0,0,0,0,0,0,0,900,-15.64809202,,,,,,
1.44,5.44,0,0.05,2.46,0,0.15,0.84,0.02,0,9.09,0.01,0,0.01,9.94,0,60.2,10.1,0,0,0,0,0,0,0,0,0,0,0,0,0,0,900,-14.70710868,,,,,,
1.39,5.47,0,0.05,2.37,0,0.15,1.41,0.05,0,8.71,0.01,0,0.01,9.82,0,60.2,9.98,0,0,0,0,0,0,0,0,0,0,0,0,0,0,1000,-12.85999911,,,,,,
1.44,5.44,0,0.05,2.46,0,0.15,0.84,0.02,0,9.09,0.01,0,0.01,9.94,0,60.2,10.1,0,0,0,0,0,0,0,0,0,0,0,0,0,0,1000,-11.66374835,,,,,,
0,0,0,0,0,2.17,0,0,0,27.71,70.11,0,0,0,0,0,0,0,0,0,0,0,0,0,0,0,0,0,0,0,0,0,1100,-8.517193191,,,,,,
0,0,0,0,0,2.92,0,0,0,30.6,66.48,0,0,0,0,0,0,0,0,0,0,0,0,0,0,0,0,0,0,0,0,0,1100,-10.22890995,,,,,,
0,0,0,0,0,4.31,0,0,0,31.18,64.51,0,0,0,0,0,0,0,0,0,0,0,0,0,0,0,0,0,0,0,0,0,1100,-11.33524429,,,,,,
0,0,0,0,0,6.26,0,0,0,29.14,64.62,0,0,0,0,0,0,0,0,0,0,0,0,0,0,0,0,0,0,0,0,0,1100,-10.39596404,,,,,,
0,0,0,0,0,4.31,0,0,0,31.18,64.51,0,0,0,0,0,0,0,0,0,0,0,0,0,0,0,0,0,0,0,0,0,1000,-11.22524339,,,,,,
0,0,0,0,0,4.31,0,0,0,31.18,64.51,0,0,0,0,0,0,0,0,0,0,0,0,0,0,0,0,0,0,0,0,0,1300,-8.093378945,,,,,,
0,10,0,0,0,1.25,0.018,0,0,0,0,0,31,0,0,57.732,0,0,0,0,0,0,0,0,0,0,0,0,0,0,0,0,1100,-0.301105093,,,,,,
0,10,0,0,0,1.25,0.018,0,0,0,0,0,31,0,0,57.732,0,0,0,0,0,0,0,0,0,0,0,0,0,0,0,0,1000,-0.629233855,,,,,,
0,10,0,0,0,1.25,0.018,0,0,0,0,0,31,0,0,57.732,0,0,0,0,0,0,0,0,0,0,0,0,0,0,0,0,900,-0.798507696,,,,,,
0,0,0,0,0,0,0,0,0,0,0,0,0,0,0,0,0,0,0,0,97.22,0,2.78,0,0,0,0,0,0,0,0,0,500,-12.31143316,,,,,,
0,2.5,0,0,0,0,0,0,0,0,0,0,0,0,0,0,0,0,0,0,95.1,0,2.4,0,0,0,0,0,0,0,0,0,500,-10.7757614,,,,,,
0,4.26,0,0,0,0,0,0,0,0,0,0,0,0,0,0,0,0,0,0,93.34,0,2.4,0,0,0,0,0,0,0,0,0,500,-12.01380076,,,,,,
0,10.69,0,0,0,0,0,0,0,0,20.6,0,0,0,23.35,22.12,23.25,0,0,0,0,0,0,0,0,0,0,0,0,0,0,0,1100,-7.452482454,,,,,,
0,10.46,0,0,0,2.18,0,0,0,0,20.15,0,0,0,22.84,21.64,22.76,0,0,0,0,0,0,0,0,0,0,0,0,0,0,0,1100,-12.48050949,,,,,,
0,10.12,0,0,0,5.27,0,0,0,0,19.51,0,0,0,22.12,20.95,22.03,0,0,0,0,0,0,0,0,0,0,0,0,0,0,0,1100,-7.60090246,,,,,,
0,9.82,0,0,0,8.17,0,0,0,0,18.91,0,0,0,21.44,20.31,21.35,0,0,0,0,0,0,0,0,0,0,0,0,0,0,0,1100,-7.070274208,,,,,,
0,9.61,0,0,0,10.01,0,0,0,0,18.54,0,0,0,21.01,19.91,20.92,0,0,0,0,0,0,0,0,0,0,0,0,0,0,0,1100,-6.759335274,,,,,,
0,0.72,0,0,0,0.77,0.1,0,0,0,17.85,0,1.01,0,0,79.543,0,0,0,0,0,0,0,0.004,0,0,0,0,0,0,0,0,700,-15.9128898,,,,,,
0,0.72,0,0,0,0.77,0.1,0,0,0,17.85,0,1.01,0,0,79.543,0,0,0,0,0,0,0,0.004,0,0,0,0,0,0,0,0,800,-14.50865774,,,,,,
0,0.81,0,0,0,1.35,0.13,0,0,0,18,0,0.88,0,0,78.822,0,0,0,0,0,0,0,0.005,0,0,0,0,0,0,0,0,700,-15.52262255,,,,,,
0,0.81,0,0,0,1.35,0.13,0,0,0,18,0,0.88,0,0,78.822,0,0,0,0,0,0,0,0.005,0,0,0,0,0,0,0,0,800,-14.37373842,,,,,,
16.15,0.76,0,0,0,5.92,0,69.22,5.02,0,2.92,0,0,0,0,0,0,0,0,0,0,0,0,0,0,0,0,0,0,0,0,0,1300,-11.35331353,,,,,,
16.16,0.76,0,1.28,0,5.92,0,67.94,5.02,0,2.92,0,0,0,0,0,0,0,0,0,0,0,0,0,0,0,0,0,0,0,0,0,1300,-11.53239148,,,,,,
16.16,0.76,0,3.85,0,5.93,0,65.36,5.02,0,2.93,0,0,0,0,0,0,0,0,0,0,0,0,0,0,0,0,0,0,0,0,0,1300,-11.60278939,,,,,,
16.17,0.76,0,6.42,0,5.93,0,62.78,5.03,0,2.93,0,0,0,0,0,0,0,0,0,0,0,0,0,0,0,0,0,0,0,0,0,1300,-11.75627172,,,,,,
16.18,0.76,0,8.99,0,5.93,0,60.18,5.03,0,2.93,0,0,0,0,0,0,0,0,0,0,0,0,0,0,0,0,0,0,0,0,0,1300,-11.97496092,,,,,,
0,3.7,0,0,0,0,0,0,0,0,19.2,0,0,0,0,77.1,0,0,0,0,0,0,0,0,0,0,0,0,0,0,0,0,1200,-12.70036897,,,,,,
0,3.8,0,0,0,0,0,0,0,0,19.2,0,0,0,0,76.99,0,0,0,0,0,0,0,0,0.01,0,0,0,0,0,0,0,1200,-12.61253825,,,,,,
0,3.9,0,0,0,0,0,0,0,0,19.2,0,0,0,0,76.86,0,0,0,0,0,0,0,0,0.04,0,0,0,0,0,0,0,1200,-12.32485618,,,,,,
0,3.8,0,0,0,0,0,0,0,0,19,0,0,0,0,77.57,0,0,0,0,0,0,0,0,0.37,0,0,0,0,0,0,0,1200,-11.01822922,,,,,,
0.174,0,0,0,2.09,0.54,0.006,0.436,0,0,19.7,0,0.33,0,0,76.64,0,0,0,0,0,0,0,0.006,0,0.072,0,0,0,0,0,0,950,-12.14591872,,,,,,
0.174,0,0,0,2.09,0.54,0.006,0.436,0,0,19.7,0,0.33,0,0,76.64,0,0,0,0,0,0,0,0.006,0,0.072,0,0,0,0,0,0,1000,-11.29781409,,,,,,
0.174,0,0,0,2.09,0.54,0.006,0.436,0,0,19.7,0,0.33,0,0,76.64,0,0,0,0,0,0,0,0.006,0,0.072,0,0,0,0,0,0,1050,-10.79021948,,,,,,
0.174,0,0,0,2.09,0.54,0.006,0.436,0,0,19.7,0,0.33,0,0,76.64,0,0,0,0,0,0,0,0.006,0,0.072,0,0,0,0,0,0,1100,-9.806360842,,,,,,
0.155,0,0,0,1.97,0.52,0.009,0.45,0,0,19.5,0,0.32,0,0,76.942,0,0,0,0,0,0,0,0.008,0.048,0.072,0,0,0,0,0,0,950,-12.26370176,,,,,,
0.155,0,0,0,1.97,0.52,0.009,0.45,0,0,19.5,0,0.32,0,0,76.942,0,0,0,0,0,0,0,0.008,0.048,0.072,0,0,0,0,0,0,1000,-11.59957327,,,,,,
0.155,0,0,0,1.97,0.52,0.009,0.45,0,0,19.5,0,0.32,0,0,76.942,0,0,0,0,0,0,0,0.008,0.048,0.072,0,0,0,0,0,0,1050,-11.43596442,,,,,,
0.155,0,0,0,1.97,0.52,0.009,0.45,0,0,19.5,0,0.32,0,0,76.942,0,0,0,0,0,0,0,0.008,0.048,0.072,0,0,0,0,0,0,1100,-10.91408896,,,,,,
0.137,0,0,0,1.95,0.5,0.007,0.441,0,0,19.1,0,0.32,0,0,76.819,0,0.58,0,0,0,0,0,0.01,0.056,0.071,0,0,0,0,0,0,950,-12.49375472,,,,,,
0.137,0,0,0,1.95,0.5,0.007,0.441,0,0,19.1,0,0.32,0,0,76.819,0,0.58,0,0,0,0,0,0.01,0.056,0.071,0,0,0,0,0,0,1000,-11.50297513,,,,,,
0.137,0,0,0,1.95,0.5,0.007,0.441,0,0,19.1,0,0.32,0,0,76.819,0,0.58,0,0,0,0,0,0.01,0.056,0.071,0,0,0,0,0,0,1050,-11.20544077,,,,,,
0.137,0,0,0,1.95,0.5,0.007,0.441,0,0,19.1,0,0.32,0,0,76.819,0,0.58,0,0,0,0,0,0.01,0.056,0.071,0,0,0,0,0,0,1100,-10.98229721,,,,,,
0.113,0,0,0,2.03,0.53,0.01,0.443,0,0,19.9,0,0.35,0,0,75.362,0,1.12,0,0,0,0,0,0.008,0.053,0.071,0,0,0,0,0,0,950,-12.66177897,,,,,,
0.113,0,0,0,2.03,0.53,0.01,0.443,0,0,19.9,0,0.35,0,0,75.362,0,1.12,0,0,0,0,0,0.008,0.053,0.071,0,0,0,0,0,0,1000,-12.23859584,,,,,,
0.113,0,0,0,2.03,0.53,0.01,0.443,0,0,19.9,0,0.35,0,0,75.362,0,1.12,0,0,0,0,0,0.008,0.053,0.071,0,0,0,0,0,0,1050,-11.04919145,,,,,,
0.113,0,0,0,2.03,0.53,0.01,0.443,0,0,19.9,0,0.35,0,0,75.362,0,1.12,0,0,0,0,0,0.008,0.053,0.071,0,0,0,0,0,0,1100,-10.08022473,,,,,,
16.15,0.76,0,0,0,5.92,0,69.23,5.02,0,2.92,0,0,0,0,0,0,0,0,0,0,0,0,0,0,0,0,0,0,0,0,0,1250,-5.577149824,,,,,,
15.94,0.75,0,0,0,5.85,0,69.56,4.95,0,2.89,0,0,0,0,0,0,0,0,0,0,0,0.06,0,0,0,0,0,0,0,0,0,1250,-4.097181917,,,,,,
16.15,0.76,0,0,0,5.92,0,69.1,5.02,0,2.92,0,0,0,0,0,0,0,0,0,0,0,0.13,0,0,0,0,0,0,0,0,0,1250,-3.75407004,,,,,,
16.15,0.76,0,0,0,5.92,0,69.05,5.02,0,2.92,0,0,0,0,0,0,0,0,0,0,0,0.19,0,0,0,0,0,0,0,0,0,1250,-3.596401564,,,,,,
16.14,0.76,0,0,0,5.92,0,68.88,5.01,0,2.92,0,0,0,0,0,0,0,0,0,0,0,0.37,0,0,0,0,0,0,0,0,0,1250,-3.947218497,,,,,,
16.2,0.8,0,0,0,5.9,0,68.6,5,0,2.9,0,0,0,0,0,0,0,0,0,0,0,0.6,0,0,0,0,0,0,0,0,0,1250,-5.231178064,,,,,,
0,0,0,0,0,0.4,0.05,0,0,0,26.03,0,0.82,0,0,55.41,17.1,0,0,0,0,0,0,0,0,0.19,0,0,0,0,0,0,950,-12.05592999,,,,,,
0,0,0,0,0,0.4,0.05,0,0,0,26.03,0,0.82,0,0,55.41,17.1,0,0,0,0,0,0,0,0,0.19,0,0,0,0,0,0,1000,-10.37509246,,,,,,
0,0,0,0,0,0.4,0.05,0,0,0,26.03,0,0.82,0,0,55.41,17.1,0,0,0,0,0,0,0,0,0.19,0,0,0,0,0,0,1050,-9.036387065,,,,,,
0,0,0,0,0,0.4,0.05,0,0,0,26.03,0,0.82,0,0,54.81,17.1,0,0,0,0,0,0,0,0.6,0.19,0,0,0,0,0,0,950,-12.693833,,,,,,
0,0,0,0,0,0.4,0.05,0,0,0,26.03,0,0.82,0,0,54.81,17.1,0,0,0,0,0,0,0,0.6,0.19,0,0,0,0,0,0,1000,-10.81479074,,,,,,
0,0,0,0,0,0.4,0.05,0,0,0,26.03,0,0.82,0,0,54.81,17.1,0,0,0,0,0,0,0,0.6,0.19,0,0,0,0,0,0,1050,-9.265853082,,,,,,
0.15,0,0,0,0,0.31,0.011,0.26,0,0,18.2,0,0.34,0,0,80.694,0,0,0,0,0,0,0,0.029,0,0.004,0,0,0,0,0,0,1000,-11.35877479,,,,,,
0.16,0,0,0,0,0.35,0.009,0.26,0,0,18.22,0,0.31,0,0,80.5985,0,0,0,0,0,0,0,0.026,0.06,0.0045,0,0,0,0,0,0,1000,-11.40756495,,,,,,
0.13,0,0,0,0,0.32,0.011,0.27,0,0,18.22,0,0.32,0,0,80.603,0,0,0,0,0,0,0,0.009,0.11,0.006,0,0,0,0,0,0,1000,-11.76423989,,,,,,
0,0,0,0,0,0,0,0,0,0,0,0,0,0,0,0,0,0,0,0,99.93,0,0,0,0,0,0.07,0,0,0,0,0,500,-22.22859402,,,,,,
0,0,0,0,0,0,0,0,0,0,0,0,0,0,0,0,0,0,0,0,99.7,0,0,0,0,0,0.3,0,0,0,0,0,500,-18.34836008,,,,,,
0,0,0,0,0,0,0,0,0,0,0,0,0,0,0,0,0,0,0,0,99.3,0,0,0,0,0,0.7,0,0,0,0,0,500,-16.81124283,,,,,,
0,0,0,0,0,0,0,0,0,0,0,0,0,0,0,0,0,0,0,0,98.7,0,0,0,0,0,1.3,0,0,0,0,0,500,-15.45741427,,,,,,
0,0,0,0,0,0,0,0,0,0,0,0,0,0,0,0,0,0,0,0,96.51,3.49,0,0,0,0,0,0,0,0,0,0,500,-12.3883942,,,,,,
0,0,0,0,0,0,0,0,0,0,0,0,0,0,0,0,0,0,0,0,95.93,3.56,0,0,0,0,0,0.51,0,0,0,0,500,-11.26780301,,,,,,
0,0,0,0,0,0,0,0,0,0,0,0,0,0,0,0,0,0,0,0,95.34,3.64,0,0,0,0,0,1.02,0,0,0,0,500,-10.95330968,,,,,,
0,0,0,0,0,0,0,0,0,0,0,0,0,0,0,0,0,0,0,0,93.37,3.71,0,0,0,0,0,2.92,0,0,0,0,500,-10.64209711,,,,,,
0,16,0,0,0,0,0,0,0,0,0,0,0,0,0,0,84,0,0,0,0,0,0,0,0,0,0,0,0,0,0,0,1100,-11.33060391,,,,,,
0,31,0,0,0,0,0,0,0,0,0,0,0,0,0,0,69,0,0,0,0,0,0,0,0,0,0,0,0,0,0,0,1100,-13.633189,,,,,,
0,31,0,0,0,0,0,0,0,0,0,0,0,0,0,0,69,0,0,0,0,0,0,0,0,0,0,0,0,0,0,0,1150,-10.03132092,,,,,,
0,31,0,0,0,0,0,0,0,0,0,0,0,0,0,0,69,0,0,0,0,0,0,0,0,0,0,0,0,0,0,0,1200,-10.15194891,,,,,,
0,16,0,0,0,0,0,0,0,0,0,0,0,0,0,0,83.82,0,0,0,0,0,0.18,0,0,0,0,0,0,0,0,0,1100,-13.633189,,,,,,
0,16,0,0,0,0,0,0,0,0,0,0,0,0,0,0,83.91,0,0,0,0,0,0.09,0,0,0,0,0,0,0,0,0,1100,-13.17365667,,,,,,
0.4,0.4,0,0,9,0.5,0.1,3,0,0,22,0,0.5,0,0,5,58,0,0,0,0,0,0,0.015,0,0,0,0,0,0,0,0,900,-13.88700656,,,,,,
0,8.12,0,0,0,0,0,0,0,0,0,0,0.31,0,0,0,0,0,0,0.51,91.06,0,0,0,0,0,0,0,0,0,0,0,413,-14.57053314,,,,,,
0,8.01,0,0,0,0,0,0,0,0,0,0,0.36,0,0,0,0,0,0,0.53,90.78,0,0.32,0,0,0,0,0,0,0,0,0,413,-15.96967565,,,,,,
0,7.98,0,0,0,0,0,0.38,0,0,0,0,0.33,0,0,0,0,0,0,0.55,91.86,0,0,0,0,0,0,0,0,0,0,0,413,-15.8949521,,,,,,
0,8.12,0,0,0,0,0,0,0,0,0,0,0.31,0,0,0,0,0,0,0.51,91.06,0,0,0,0,0,0,0,0,0,0,0,420,-14.50865774,,,,,,
0,8.01,0,0,0,0,0,0,0,0,0,0,0.36,0,0,0,0,0,0,0.53,90.78,0,0.32,0,0,0,0,0,0,0,0,0,420,-15.49215722,,,,,,
0,7.98,0,0,0,0,0,0.38,0,0,0,0,0.33,0,0,0,0,0,0,0.55,91.86,0,0,0,0,0,0,0,0,0,0,0,420,-15.73965922,,,,,,
0,8.12,0,0,0,0,0,0,0,0,0,0,0.31,0,0,0,0,0,0,0.51,91.06,0,0,0,0,0,0,0,0,0,0,0,427,-14.2823193,,,,,,
0,8.01,0,0,0,0,0,0,0,0,0,0,0.36,0,0,0,0,0,0,0.53,90.78,0,0.32,0,0,0,0,0,0,0,0,0,427,-15.34798743,,,,,,
0,7.98,0,0,0,0,0,0.38,0,0,0,0,0.33,0,0,0,0,0,0,0.55,91.86,0,0,0,0,0,0,0,0,0,0,0,427,-15.40514584,,,,,,
0,0,0,0,0.12,0.48,0.16,0,0,0,18.74,0,0.52,0,0,49.14,30.62,0,0,0,0,0,0.22,0,0,0,0,0,0,0,0,0,1000,-12.00995777,,,,,,
0,0,0,0,0.1,0.46,0.17,0,0,0,17.54,0,0.5,0,0,51.42,29.81,0,0,0,0,0,0,0,0,0,0,0,0,0,0,0,1000,-10.07916457,,,,,,
0,0,0,0,0.11,0.44,0.17,0,0,0,17.9,0,0.48,0,0,49.59,31.15,0,0,0,0,0,0,0,0.46,0,0,0,0,0,0,0,1000,-11.49094656,,,,,,
0,0,0,0,0.13,0.45,0.19,0,0,0,19.54,0,0.54,0,0,47.86,30.46,0,0,0,0,0,0.28,0,0.55,0,0,0,0,0,0,0,1000,-9.210340372,,,,,,
0.35,0.15,0,0,0,0.45,0.1,0,0,0,20.5,0,0.45,0,0,0.5,77.4,0,0.05,0,0,0,0,0,0,0,0,0,0,0,0,0,1000,-10.34977466,,,,,,
0,0,0,0,0,0,0,0,0,0,20,0,0,0,0,55,25,0,0,0,0,0,0,0,0,0,0,0,0,0,0,0,1000,-11.04292184,,,,,,
0,0,0,0,0,0,0,0,0,0,20,0,0,0,0,15,65,0,0,0,0,0,0,0,0,0,0,0,0,0,0,0,1000,-11.41761529,,,,,,
0,0,0,0,0,0,0,0,0,0,20,0,0,0,0,0,80,0,0,0,0,0,0,0,0,0,0,0,0,0,0,0,1000,-11.41761529,,,,,,
0,0,0,0,0,0,0,0,0,0,25,0,0,0,0,70,5,0,0,0,0,0,0,0,0,0,0,0,0,0,0,0,1000,-10.15194891,,,,,,
0,0,0,0,0,0,0,0,0,0,25,0,0,0,0,60,15,0,0,0,0,0,0,0,0,0,0,0,0,0,0,0,1000,-9.656627475,,,,,,
0,0,0,0,0,0,0,0,0,0,25,0,0,0,0,55,20,0,0,0,0,0,0,0,0,0,0,0,0,0,0,0,1000,-10.44821473,,,,,,
0,0,0,0,0,0,0,0,0,0,25,0,0,0,0,15,60,0,0,0,0,0,0,0,0,0,0,0,0,0,0,0,1000,-9.656627475,,,,,,
0,0,0,0,0,0,0,0,0,0,30,0,0,0,0,65,5,0,0,0,0,0,0,0,0,0,0,0,0,0,0,0,1000,-10.9251388,,,,,,
0,0,0,0,1.2,0.05,0,0,0,0,2.3,0,0.6,0,0,95.85,0,0,0,0,0,0,0,0,0,0,0,0,0,0,0,0,550,-10.55741402,,,,,,
0,0,0,0,1.2,0.05,0,0,0,0,2.3,0,0.6,0,0,95.85,0,0,0,0,0,0,0,0,0,0,0,0,0,0,0,0,600,-9.18078157,,,,,,
0,0,0,0,1.2,0.05,0,0,0,0,2.3,0,0.6,0,0,95.85,0,0,0,0,0,0,0,0,0,0,0,0,0,0,0,0,650,-7.794487209,,,,,,
0,0,0,0,1.2,0.05,0,0,0,0,2.3,0,0.6,0,0,95.85,0,0,0,0,0,0,0,0,0,0,0,0,0,0,0,0,700,-6.70074111,,,,,,
0,3.5,0,0,0,0,0,0,0,0,22.3,0,0,0,25.2,23.9,25.1,0,0,0,0,0,0,0,0,0,0,0,0,0,0,0,1100,-13.28488231,,,,,,
0,7.7,0,0,0,0,0,0,0,0,21.3,0,0,0,24.1,22.8,24,0,0,0,0,0,0,0,0,0,0,0,0,0,0,0,1100,-14.78309458,,,,,,
0,4.1,0,0,0,0,0,0,0,0,22.6,0,0,0,25.6,24.2,25.5,0,0,0,0,0,0,0,0,0,0,0,0,0,0,0,1050,-12.89921983,,,,,,
0,5.1,0,0,0,0,0,0,0,0,21.9,0,0,0,24.8,23.5,24.7,0,0,0,0,0,0,0,0,0,0,0,0,0,0,0,1050,-13.22772389,,,,,,
0,6.1,0,0,0,0,0,0,0,0,21.7,0,0,0,24.5,23.3,24.4,0,0,0,0,0,0,0,0,0,0,0,0,0,0,0,1050,-14.59203935,,,,,,
0,7.8,0,0,0,0,0,0,0,0,21.3,0,0,0,24.1,22.8,24,0,0,0,0,0,0,0,0,0,0,0,0,0,0,0,1050,-12.28945425,,,,,,
0,11,0,0,0,2.9,0,0,0,0,26.4,0,0,0,29.9,0,29.8,0,0,0,0,0,0,0,0,0,0,0,0,0,0,0,1050,-19.0940253,,,,,,
0,7.81,0,0,0,2.71,0,0,0,0,10.04,0,0,0,39.81,0,39.63,0,0,0,0,0,0,0,0,0,0,0,0,0,0,0,1050,-12.53457671,,,,,,
0,0.98,0,0,0,1.01,0.09,0,0,0,18.02,0,0.89,0,0,78.992,0,0,0,0,0,0,0,0.007,0,0,0,0,0,0,0,0,1000,-11.23298159,,,,,,
0,0.98,0,0,0,1.01,0.09,0,0,0,18.02,0,0.89,0,0,78.992,0,0,0,0,0,0,0,0.007,0,0,0,0,0,0,0,0,900,-13.30468493,,,,,,
0,0.98,0,0,0,1.01,0.09,0,0,0,18.02,0,0.89,0,0,78.992,0,0,0,0,0,0,0,0.007,0,0,0,0,0,0,0,0,800,-13.71015004,,,,,,
0,13.19,0,0,0,0,0,0,0,7.08,0,0,0,0,0,79.7,0,0,0,0,0,0,0,0,0,0,0,0,0,0,0,0,600,-21.30308433,,,,,,
0,13.19,0,0,0,0,0,0,0,7.08,0,0,0,0,0,79.7,0,0,0,0,0,0,0,0,0,0,0,0,0,0,0,0,700,-20.90959542,,,,,,
0,13.86,0,0,0,0,0,0,0,0,0,0,0,0,0,86.14,0,0,0,0,0,0,0,0,0,0,0,0,0,0,0,0,700,-20.87408873,,,,,,
0,13.19,0,0,0,0,0,0,0,7.08,0,0,0,0,0,79.7,0,0,0,0,0,0,0,0,0,0,0,0,0,0,0,0,800,-18.60701032,,,,,,
0,13.86,0,0,0,0,0,0,0,0,0,0,0,0,0,86.14,0,0,0,0,0,0,0,0,0,0,0,0,0,0,0,0,800,-19.73001406,,,,,,
0,15.81,0,0,0,0,0,0,0,0,0,0,0,0,0,84.19,0,0,0,0,0,0,0,0,0,0,0,0,0,0,0,0,800,-18.86696785,,,,,,
0,34.35,0,0,0,0,0,0,0,0,0,0,0,0,0,65.65,0,0,0,0,0,0,0,0,0,0,0,0,0,0,0,0,800,-17.4651693,,,,,,
0,15.84,0,0,0,0,0,0,0,0,2.18,0,0,0,0,81.98,0,0,0,0,0,0,0,0,0,0,0,0,0,0,0,0,800,-19.44233199,,,,,,
8.38,12.79,0,0,0,0,0,0,0,0,0,0,0,0,0,78.83,0,0,0,0,0,0,0,0,0,0,0,0,0,0,0,0,800,-19.52934337,,,,,,
15.32,15.55,0,0,0,0,0,0,0,0,0,0,0,0,0,69.13,0,0,0,0,0,0,0,0,0,0,0,0,0,0,0,0,800,-17.72753356,,,,,,
0.01,0,0,0,0.15,0.48,0.05,0,0,0,17.9,0,1.52,0,0.22,70.51,9.05,0,0.1,0,0,0,0,0,0,0,0,0,0,0,0,0,1000,-12.75079982,,,,,,
0,0,0,0,1.09,0.8,0.01,0,0,0,16.73,0,0.17,0,0,81.2,0,0,0,0,0,0,0,0,0,0,0,0,0,0,0,0,600,-12.4292162,,,,,,
0,0,0,0,1.09,0.8,0.01,0,0,0,16.73,0,0.17,0,0,81.2,0,0,0,0,0,0,0,0,0,0,0,0,0,0,0,0,800,-12.89921983,,,,,,
0,0,0,0,2.24,0.87,0.02,0,0,0,16.1,0,0,0,0,67.2,13.55,0,0.02,0,0,0,0,0,0,0,0,0,0,0,0,0,800,-8.873868135,,,,,,
0,0,0,0,0.01,0.8,0.02,0,0,0,18.1,0,0.1,0,0,69.95,11,0,0.02,0,0,0,0,0,0,0,0,0,0,0,0,0,600,-10.63745673,,,,,,
0,0,0,0,0.01,0.8,0.02,0,0,0,18.1,0,0.1,0,0,69.95,11,0,0.02,0,0,0,0,0,0,0,0,0,0,0,0,0,800,-9.421061403,,,,,,
18.19,0.85,0,0,0,6.67,0,51.49,5.65,0,10.71,0.68,0,0,0,0,0,0,0,0,0,0,0,0,0,0,0,0,5.75,0,0,0,1200,-6.265901393,,,,,,
18.19,0.85,0,0,0,6.67,0,51.49,5.65,0,10.71,0.68,0,0,0,0,0,0,0,0,0,0,0,0,0,0,0,0,5.75,0,0,0,1250,-5.878135862,,,,,,
0,0,0,0,0,0.22,0.09,0,0,0,1.05,0,0.47,0,0,97.938,0,0,0,0,0,0,0,0.22,0,0,0,0,0,0,0,0,700,-9.465232622,,,,,,
0,0,0,0,0,0.2,0,0,0,0,0,0,0,0,0,0.8,0,0,0,0,0,0,0,0,0,0,0,0,0,0,0,0,700,-9.274345702,,,,,,
0,0,0,0,0,0.22,0.09,0,0,0,1.05,0,0.47,0,0,97.938,0,0,0,0,0,0,0,0.22,0,0,0,0,0,0,0,0,800,-6.821577583,,,,,,
0,0,0,0,0,0.2,0,0,0,0,0,0,0,0,0,0.8,0,0,0,0,0,0,0,0,0,0,0,0,0,0,0,0,800,-5.975591198,,,,,,
0,0,0,0,0,0.22,0.09,0,0,0,1.05,0,0.47,0,0,97.938,0,0,0,0,0,0,0,0.22,0,0,0,0,0,0,0,0,900,-4.585367559,,,,,,
0,0,0,0,0,0.2,0,0,0,0,0,0,0,0,0,0.8,0,0,0,0,0,0,0,0,0,0,0,0,0,0,0,0,900,-4.439655748,,,,,,
0,0,0,0,0,0.22,0.09,0,0,0,1.05,0,0.47,0,0,97.938,0,0,0,0,0,0,0,0.22,0,0,0,0,0,0,0,0,1000,-3.053361386,,,,,,
0,0,0,0,0,0.2,0,0,0,0,0,0,0,0,0,0.8,0,0,0,0,0,0,0,0,0,0,0,0,0,0,0,0,1000,-2.565249402,,,,,,
0,0,0,0,0,0.22,0.09,0,0,0,1.05,0,0.47,0,0,97.938,0,0,0,0,0,0,0,0.22,0,0,0,0,0,0,0,0,1100,-1.62964062,,,,,,
0,0,0,0,0,0.2,0,0,0,0,0,0,0,0,0,0.8,0,0,0,0,0,0,0,0,0,0,0,0,0,0,0,0,1100,-1.418817553,,,,,,
0,0,0,0,0,1.43,0.25,0.01,0,0.11,10.8,0,0.54,0.19,0,0,0,1.2,0,0,0,0,0,0,0,0,0,0,0,0,0,0,700,-15.97592116,,,,,,
0,0,0,0,0,0.44,0.042,0.49,0,0,19.08,0,1.18,0,0,70.128,8.5,0,0,0,0,0,0,0,0,0.14,0,0,0,0,0,0,850,-14.25057614,,,,,,
0,0,0,0,0,0.45,0.04,0,0,0,19.1,0,1.18,0,0,70.59,8.5,0,0,0,0,0,0,0,0,0.14,0,0,0,0,0,0,850,-14.01463923,,,,,,
0,14.29,0,0.56,0,0,0,0,0,0,0,0,0,0,0,85.15,0,0,0,0,0,0,0,0,0,0,0,0,0,0,0,0,900,-17.39106133,,,,,,
0,14.21,0,1.87,0,0,0,0,0,0,0,0,0,0,0,83.92,0,0,0,0,0,0,0,0,0,0,0,0,0,0,0,0,900,-12.68410845,,,,,,
0,16.63,0,0.77,0,0,0,0,0,0,0,0,0,0,0,82.6,0,0,0,0,0,0,0,0,0,0,0,0,0,0,0,0,900,-14.26179766,,,,,,
0,16.52,0,1.72,0,0,0,0,0,0,0,0,0,0,0,81.76,0,0,0,0,0,0,0,0,0,0,0,0,0,0,0,0,900,-14.36023773,,,,,,
0,13.86,0,0,0,0,0,0,0,0,0,0,0,0,0,86.14,0,0,0,0,0,0,0,0,0,0,0,0,0,0,0,0,900,-18.73539149,,,,,,
0,14.3,0,0,0,0,0,0,0,0,0,0,0,0,0,85.7,0,0,0,0,0,0,0,0,0,0,0,0,0,0,0,0,900,-16.40577772,,,,,,
0,17.2,0,0,0,0,0,0,0,0,0,0,0,0,0,82.8,0,0,0,0,0,0,0,0,0,0,0,0,0,0,0,0,900,-18.32537056,,,,,,
0,10.8,0,0.2,0,0,0,0,0,0,0,0,0,0,0,89.1,0,0,0,0,0,0,0,0,0,0,0,0,0,0,0,0,900,-16.22345617,,,,,,
0,10.6,0,4.5,0,0,0,0,0,0,0,0,0,0,0,84.9,0,0,0,0,0,0,0,0,0,0,0,0,0,0,0,0,900,-13.12236338,,,,,,
0,18.4,0,1.6,0,0,0,0,0,0,0,0,0,0,0,80,0,0,0,0,0,0,0,0,0,0,0,0,0,0,0,0,900,-14.73180129,,,,,,
0,3.62,0,0,0,0,0,0,0,0,0,0,0,0,71.78,0,0,24.6,0,0,0,0,0,0,0,0,0,0,0,0,0,0,900,-7.799353398,,,,,,
0,3.62,0,0,0,0,0,0,0,0,1.55,0,0,0,70.19,0,0,24.64,0,0,0,0,0,0,0,0,0,0,0,0,0,0,900,-7.826131517,,,,,,
0,3.63,0,0,0,0,0,0,0,0,3.1,0,0,0,68.58,0,0,24.69,0,0,0,0,0,0,0,0,0,0,0,0,0,0,900,-8.238930341,,,,,,
0,3.64,0,0,0,0.84,0,0,0,0,0,0,0,0,70.69,0,0,24.83,0,0,0,0,0,0,0,0,0,0,0,0,0,0,900,-9.978450591,,,,,,
0,3.7,0,0,0,1.7,0,0,0,0,0,0,0,0,69.6,0,0,25,0,0,0,0,0,0,0,0,0,0,0,0,0,0,900,-11.08911122,,,,,,
0,2.92,0,0,0,0,0,0,0,0,8.03,0,0,0,69.17,0,0,19.88,0,0,0,0,0,0,0,0,0,0,0,0,0,0,800,-13.99783211,,,,,,
0,2.91,0,0,0,0,0,0,0,0,0,0,0,0,60.01,17.23,0,19.85,0,0,0,0,0,0,0,0,0,0,0,0,0,0,800,-11.6307085,,,,,,
0,2.9,0,0,0,0.43,0,0,0,0,0,0,0,0,76.91,0,0,19.76,0,0,0,0,0,0,0,0,0,0,0,0,0,0,800,-10.16197047,,,,,,
0,2.89,0,0,0,0,0,0,0,0,0,0,0,0,59.49,0,17.95,19.68,0,0,0,0,0,0,0,0,0,0,0,0,0,0,800,-9.343871765,,,,,,
0,2.89,0,0,0,0,0,0,0,5.54,0,0,0,0,77.52,0,0,14.06,0,0,0,0,0,0,0,0,0,0,0,0,0,0,800,-9.270444296,,,,,,
0,2.89,0,0,0,0,0,0,0,0,0,0,0,0,77.45,0,0,19.66,0,0,0,0,0,0,0,0,0,0,0,0,0,0,800,-9.19654705,,,,,,
0,2.97,0,0,3.02,0,0,0,0,0,0,0,0,0,79.61,0,0,14.44,0,0,0,0,0,0,0,0,0,0,0,0,0,0,800,-9.042005057,,,,,,
1.49,2.52,0,0,0,0,0,0,0,0,0,0,0,0,78.83,0,0,17.16,0,0,0,0,0,0,0,0,0,0,0,0,0,0,800,-8.8679334,,,,,,
0,3.14,0,0,0,0,0,0,0,0,0,0,0,3.39,78.43,0,5.86,9.18,0,0,0,0,0,0,0,0,0,0,0,0,0,0,800,-8.67319744,,,,,,
0,3.01,0,0,0,0,0,0,0,0,0,0,0,1.62,80.71,0,0,14.65,0,0,0,0,0,0,0,0,0,0,0,0,0,0,800,-8.039407422,,,,,,
0.99,5.58,0,0,0.6,0,0,0,0,6,7.9,0,0,0,4.6,0,66.43,7.9,0,0,0,0,0,0,0,0,0,0,0,0,0,0,800,-20.31780073,,,,,,
1,5.6,0,0,0.6,0,0,0,0.11,5.9,7.9,0,0,0,4.7,0,66.19,8,0,0,0,0,0,0,0,0,0,0,0,0,0,0,800,-19.31227886,,,,,,
1,5.6,0,0,0.6,0,0,0,0.1,6,6,0,0,0,10,0,61.7,6,0,0,0,0,0,0,0,0,0,0,0,3,0,0,800,-18.91497707,,,,,,
1,5.6,0,0,0.6,0,0,0,0,6,6,0,0,0,10,0,64.8,6,0,0,0,0,0,0,0,0,0,0,0,0,0,0,800,-18.32537056,,,,,,
1,5.6,0,0,0.6,0,0,0,0,6,6,0,0,0,10,0,64.6,6,0,0,0,0,0.2,0,0,0,0,0,0,0,0,0,800,-17.89005249,,,,,,
4.71,4.78,0,0,2.9,0,0,0,0,2,9.7,0,0,0,4.9,0,70.91,0.1,0,0,0,0,0,0,0,0,0,0,0,0,0,0,800,-17.54521201,,,,,,
2.24,5.56,0,0,0.06,0,0.014,0,0,2.76,8.53,0,0,0,5.15,0,66.166,9.52,0,0,0,0,0,0,0,0,0,0,0,0,0,0,800,-19.73001406,,,,,,
3.5,4,0,0,5,0,0.06,0,0,0,15,0.03,0,0,17,0,55.41,0,0,0,0,0,0,0,0,0,0,0,0,0,0,0,750,-17.42742897,,,,,,
3.5,4,0,0,5,0,0.06,0,0,0,15,0.03,0,0,17,0,55.41,0,0,0,0,0,0,0,0,0,0,0,0,0,0,0,900,-13.28488231,,,,,,
3.5,4,0,0,5,0,0.06,0,0,0,15,0.03,0,0,17,0,55.41,0,0,0,0,0,0,0,0,0,0,0,0,0,0,0,925,-12.78589114,,,,,,
3.5,4,0,0,5,0,0.06,0,0,0,15,0.03,0,0,17,0,55.41,0,0,0,0,0,0,0,0,0,0,0,0,0,0,0,950,-11.88398915,,,,,,
3.5,4,0,0,5,0,0.06,0,0,0,15,0.03,0,0,17,0,55.41,0,0,0,0,0,0,0,0,0,0,0,0,0,0,0,1000,-11.2505612,,,,,,
3,1.4,0,0.05,4,0,0.06,0,0,0,19.5,0.0065,0,0,13.5,0,58.4835,0,0,0,0,0,0,0,0,0,0,0,0,0,0,0,750,-17.95067711,,,,,,
3,1.4,0,0.05,4,0,0.06,0,0,0,19.5,0.0065,0,0,13.5,0,58.4835,0,0,0,0,0,0,0,0,0,0,0,0,0,0,0,900,-13.07357321,,,,,,
3,1.4,0,0.05,4,0,0.06,0,0,0,19.5,0.0065,0,0,13.5,0,58.4835,0,0,0,0,0,0,0,0,0,0,0,0,0,0,0,950,-11.91340303,,,,,,
3,1.4,0,0.05,4,0,0.06,0,0,0,19.5,0.0065,0,0,13.5,0,58.4835,0,0,0,0,0,0,0,0,0,0,0,0,0,0,0,1000,-11.04292184,,,,,,
5,2.5,0,0.04,3,0,0.02,0,0,0,18,0.035,0,0,15,0,55.155,1.25,0,0,0,0,0,0,0,0,0,0,0,0,0,0,750,-16.53361109,,,,,,
5,2.5,0,0.04,3,0,0.02,0,0,0,18,0.035,0,0,15,0,55.155,1.25,0,0,0,0,0,0,0,0,0,0,0,0,0,0,875,-13.41004545,,,,,,
5,2.5,0,0.04,3,0,0.02,0,0,0,18,0.035,0,0,15,0,55.155,1.25,0,0,0,0,0,0,0,0,0,0,0,0,0,0,900,-13.12236338,,,,,,
5,2.5,0,0.04,3,0,0.02,0,0,0,18,0.035,0,0,15,0,55.155,1.25,0,0,0,0,0,0,0,0,0,0,0,0,0,0,950,-11.81403056,,,,,,
5,2.5,0,0.04,3,0,0.02,0,0,0,18,0.035,0,0,15,0,55.155,1.25,0,0,0,0,0,0,0,0,0,0,0,0,0,0,1000,-10.34977466,,,,,,
60.61,0.8,0,0,0,6.25,0,0,5.29,0,10.02,0,0,0,0,0,0,0,0,0,0,0,0,0,0,0,0,0,0,0,0,0,800,-5.626821434,,,,,,
16.6,0.78,0,0,0,6.09,0,0,5.16,5.23,9.77,0,0,0,0,0,0,0,0,0,0,0,0,0,0,0,0,0,0,0,0,0,800,-9.210340372,,,,,,
16.9,0.79,3.49,0,0,6.2,0,0,5.25,0,9.94,0,0,0,0,0,0,0,0,0,0,0,0,0,0,0,0,0,0,0,0,0,800,-11.41761529,,,,,,
16.41,0.77,0,0,0,7.22,0,69.01,5.1,0,1.49,0,0,0,0,0,0,0,0,0,0,0,0,0,0,0,0,0,0,0,0,0,1200,-2.396895772,,,,,,
16.6,0.78,0,0,0,7.31,0,67.14,5.16,0,3.01,0,0,0,0,0,0,0,0,0,0,0,0,0,0,0,0,0,0,0,0,0,1200,-2.534012864,,,,,,
17.01,0.8,0,0,0,7.48,0,63.27,5.28,0,6.16,0,0,0,0,0,0,0,0,0,0,0,0,0,0,0,0,0,0,0,0,0,1200,-2.840439389,,,,,,
16.57,0.78,0,0,0,7.29,0,66.97,5.15,0,1.5,0.31,0,0,0,0,0,0,0,0,0,0,0,0,0,0,0,0,0,0,0,0,1200,-3.059737604,,,,,,
17.22,0.81,0,0,0,7.58,0,66.86,5.35,0,1.56,0.65,0,0,0,0,0,0,0,0,0,0,0,0,0,0,0,0,0,0,0,0,1200,-3.218875825,,,,,,
17.65,0.83,0,0,0,7.77,0,65.67,5.48,0,1.6,1,0,0,0,0,0,0,0,0,0,0,0,0,0,0,0,0,0,0,0,0,1200,-3.090042953,,,,,,
17.43,0.82,0,0,0,7.67,0,64.86,5.42,0,3.16,0.66,0,0,0,0,0,0,0,0,0,0,0,0,0,0,0,0,0,0,0,0,1200,-3.393229212,,,,,,
16.93,1.59,0,0,0,7.45,0,65.71,5.26,0,3.06,0,0,0,0,0,0,0,0,0,0,0,0,0,0,0,0,0,0,0,0,0,1200,-3.955974893,,,,,,
17.27,2.43,0,0,0,7.6,0,64.22,5.36,0,3.13,0,0,0,0,0,0,0,0,0,0,0,0,0,0,0,0,0,0,0,0,0,1200,-4.384429519,,,,,,
16.41,0.77,0,0,0,7.22,0,69.01,5.1,0,1.49,0,0,0,0,0,0,0,0,0,0,0,0,0,0,0,0,0,0,0,0,0,1250,-1.87470639,,,,,,
16.6,0.78,0,0,0,7.31,0,67.14,5.16,0,3.01,0,0,0,0,0,0,0,0,0,0,0,0,0,0,0,0,0,0,0,0,0,1250,-1.944211592,,,,,,
17.01,0.8,0,0,0,7.48,0,63.27,5.28,0,6.16,0,0,0,0,0,0,0,0,0,0,0,0,0,0,0,0,0,0,0,0,0,1250,-2.217325249,,,,,,
16.57,0.78,0,0,0,7.29,0,66.97,5.15,0,1.5,0.31,0,0,0,0,0,0,0,0,0,0,0,0,0,0,0,0,0,0,0,0,1250,-2.719920374,,,,,,
17.22,0.81,0,0,0,7.58,0,66.86,5.35,0,1.56,0.65,0,0,0,0,0,0,0,0,0,0,0,0,0,0,0,0,0,0,0,0,1250,-3.074234502,,,,,,
17.65,0.83,0,0,0,7.77,0,65.67,5.48,0,1.6,1,0,0,0,0,0,0,0,0,0,0,0,0,0,0,0,0,0,0,0,0,1250,-2.924901093,,,,,,
17.43,0.82,0,0,0,7.67,0,64.86,5.42,0,3.16,0.66,0,0,0,0,0,0,0,0,0,0,0,0,0,0,0,0,0,0,0,0,1250,-3.185924725,,,,,,
16.93,1.59,0,0,0,7.45,0,65.71,5.26,0,3.06,0,0,0,0,0,0,0,0,0,0,0,0,0,0,0,0,0,0,0,0,0,1250,-2.237640404,,,,,,
17.27,2.43,0,0,0,7.6,0,64.22,5.36,0,3.13,0,0,0,0,0,0,0,0,0,0,0,0,0,0,0,0,0,0,0,0,0,1250,-3.185924725,,,,,,
16.41,0.77,0,0,0,7.22,0,69.01,5.1,0,1.49,0,0,0,0,0,0,0,0,0,0,0,0,0,0,0,0,0,0,0,0,0,1300,-1.657158649,,,,,,
16.6,0.78,0,0,0,7.31,0,67.14,5.16,0,3.01,0,0,0,0,0,0,0,0,0,0,0,0,0,0,0,0,0,0,0,0,0,1300,-1.750943875,,,,,,
17.01,0.8,0,0,0,7.48,0,63.27,5.28,0,6.16,0,0,0,0,0,0,0,0,0,0,0,0,0,0,0,0,0,0,0,0,0,1300,-2.099644249,,,,,,
16.57,0.78,0,0,0,7.29,0,66.97,5.15,0,1.5,0.31,0,0,0,0,0,0,0,0,0,0,0,0,0,0,0,0,0,0,0,0,1300,-3.170085661,,,,,,
17.22,0.81,0,0,0,7.58,0,66.86,5.35,0,1.56,0.65,0,0,0,0,0,0,0,0,0,0,0,0,0,0,0,0,0,0,0,0,1300,-2.157619323,,,,,,
17.65,0.83,0,0,0,7.77,0,65.67,5.48,0,1.6,1,0,0,0,0,0,0,0,0,0,0,0,0,0,0,0,0,0,0,0,0,1300,-2.746063643,,,,,,
17.43,0.82,0,0,0,7.67,0,64.86,5.42,0,3.16,0.66,0,0,0,0,0,0,0,0,0,0,0,0,0,0,0,0,0,0,0,0,1300,-2.772588722,,,,,,
16.93,1.59,0,0,0,7.45,0,65.71,5.26,0,3.06,0,0,0,0,0,0,0,0,0,0,0,0,0,0,0,0,0,0,0,0,0,1300,-2.407945609,,,,,,
17.27,2.43,0,0,0,7.6,0,64.22,5.36,0,3.13,0,0,0,0,0,0,0,0,0,0,0,0,0,0,0,0,0,0,0,0,0,1300,-2.464280832,,,,,,
47,53,0,0,0,0,0,0,0,0,0,0,0,0,0,0,0,0,0,0,0,0,0,0,0,0,0,0,0,0,0,0,900,-8.070906089,,,,,,
47,53,0,0,0,0,0,0,0,0,0,0,0,0,0,0,0,0,0,0,0,0,0,0,0,0,0,0,0,0,0,0,1000,-6.52453578,,,,,,
49,51,0,0,0,0,0,0,0,0,0,0,0,0,0,0,0,0,0,0,0,0,0,0,0,0,0,0,0,0,0,0,1050,-5.57012609,,,,,,
47,53,0,0,0,0,0,0,0,0,0,0,0,0,0,0,0,0,0,0,0,0,0,0,0,0,0,0,0,0,0,0,1050,-5.192876854,,,,,,
49,51,0,0,0,0,0,0,0,0,0,0,0,0,0,0,0,0,0,0,0,0,0,0,0,0,0,0,0,0,0,0,900,-8.764053269,,,,,,
49,51,0,0,0,0,0,0,0,0,0,0,0,0,0,0,0,0,0,0,0,0,0,0,0,0,0,0,0,0,0,0,1000,-6.555550311,,,,,,
47.6,47,0,3.7,0,0,0,0,0,0,0,0,0,0,0,0,0,1.7,0,0,0,0,0,0,0,0,0,0,0,0,0,0,900,-11.48862317,,,,,,
47.6,47,0,3.7,0,0,0,0,0,0,0,0,0,0,0,0,0,1.7,0,0,0,0,0,0,0,0,0,0,0,0,0,0,1000,-9.956677381,,,,,,
47.6,47,0,3.7,0,0,0,0,0,0,0,0,0,0,0,0,0,1.7,0,0,0,0,0,0,0,0,0,0,0,0,0,0,1050,-8.682657631,,,,,,
50,48,0,0,0,0,0,0,0,0,0,0,0,0,0,0,0,2,0,0,0,0,0,0,0,0,0,0,0,0,0,0,900,-12.72930829,,,,,,
50,48,0,0,0,0,0,0,0,0,0,0,0,0,0,0,0,2,0,0,0,0,0,0,0,0,0,0,0,0,0,0,1000,-10.94761166,,,,,,
50,48,0,0,0,0,0,0,0,0,0,0,0,0,0,0,0,2,0,0,0,0,0,0,0,0,0,0,0,0,0,0,1050,-9.274878893,,,,,,
52.5,45,0,0,0,0.5,0,0,0,0,0,0,0,0,0,0,0,2,0,0,0,0,0,0,0,0,0,0,0,0,0,0,900,-12.72930829,,,,,,
52.5,45,0,0,0,0.5,0,0,0,0,0,0,0,0,0,0,0,2,0,0,0,0,0,0,0,0,0,0,0,0,0,0,1000,-11.16367804,,,,,,
52.5,45,0,0,0,0.5,0,0,0,0,0,0,0,0,0,0,0,2,0,0,0,0,0,0,0,0,0,0,0,0,0,0,1050,-9.777559996,,,,,,
50.5,47,0,0,0,0.5,0,0,0,0,0,0,0,0,0,0,0,2,0,0,0,0,0,0,0,0,0,0,0,0,0,0,900,-12.85846183,,,,,,
50.5,47,0,0,0,0.5,0,0,0,0,0,0,0,0,0,0,0,2,0,0,0,0,0,0,0,0,0,0,0,0,0,0,1000,-11.61009738,,,,,,
50.5,47,0,0,0,0.5,0,0,0,0,0,0,0,0,0,0,0,2,0,0,0,0,0,0,0,0,0,0,0,0,0,0,1050,-10.08580111,,,,,,
45.5,52,0,0,0,0.5,0,0,0,0,0,0,0,0,0,0,0,2,0,0,0,0,0,0,0,0,0,0,0,0,0,0,900,-13.88004908,,,,,,
45.5,52,0,0,0,0.5,0,0,0,0,0,0,0,0,0,0,0,2,0,0,0,0,0,0,0,0,0,0,0,0,0,0,1000,-12.09238688,,,,,,
45.5,52,0,0,0,0.5,0,0,0,0,0,0,0,0,0,0,0,2,0,0,0,0,0,0,0,0,0,0,0,0,0,0,1050,-10.70600327,,,,,,
84.093,4.91,5.99,3.95,0.99,0,0,0,0,0,0,0,0,0,0,0,0,0,0,0,0,0,0,0,0,0,0,0,0,0,0.067,0,700,-12.90322785,,,,,,
85.018,4.92,3.04,3.96,1.01,0,0,0,0,0,0,0,0,0,0,0,0,0,0,0,0,0,0,0,0,0,0,0,0,0,0.072,1.98,700,-12.98608576,,,,,,
90.11,4.91,0,3.95,1.03,0,0,0,0,0,0,0,0,0,0,0,0,0,0,0,0,0,0,0,0,0,0,0,0,0,0.074,3.99,700,-13.17681956,,,,,,
84.093,4.91,5.99,3.95,0.99,0,0,0,0,0,0,0,0,0,0,0,0,0,0,0,0,0,0,0,0,0,0,0,0,0,0.067,0,750,-11.4593847,,,,,,
85.018,4.92,3.04,3.96,1.01,0,0,0,0,0,0,0,0,0,0,0,0,0,0,0,0,0,0,0,0,0,0,0,0,0,0.072,1.98,750,-10.07332733,,,,,,
90.11,4.91,0,3.95,1.03,0,0,0,0,0,0,0,0,0,0,0,0,0,0,0,0,0,0,0,0,0,0,0,0,0,0.074,3.99,750,-11.5273287,,,,,,
86,6,2,4,2,0,0,0,0,0,0,0,0,0,0,0,0,0,0,0,0,0,0,0,0,0,0,0,0,0,0,0,650,-9.960693026,,,,,,
86,6,2,4,2,0,0,0,0,0,0,0,0,0,0,0,0,0,0,0,0,0,0,0,0,0,0,0,0,0,0,0,600,-10.49119422,,,,,,
86,6,2,4,2,0,0,0,0,0,0,0,0,0,0,0,0,0,0,0,0,0,0,0,0,0,0,0,0,0,0,0,550,-10.84797202,,,,,,
50,48,0,0,0,0,0,0,0,0,2,0,0,0,0,0,0,0,0,0,0,0,0,0,0,0,0,0,0,0,0,0,800,-8.782461669,,,,,,
48,48,0,0,0,0,0,2,0,0,2,0,0,0,0,0,0,0,0,0,0,0,0,0,0,0,0,0,0,0,0,0,800,-12.83466881,,,,,,
50,48,0,0,0,0,0,2,0,0,0,0,2,0,0,0,0,0,0,0,0,0,0,0,0,0,0,0,0,0,0,0,800,-13.63235601,,,,,,
50,48,0,0,0,0,0,0,0,0,2,0,0,0,0,0,0,0,0,0,0,0,0,0,0,0,0,0,0,0,0,0,900,-6.068345591,,,,,,
48,48,0,0,0,0,0,2,0,0,2,0,0,0,0,0,0,0,0,0,0,0,0,0,0,0,0,0,0,0,0,0,900,-11.81308506,,,,,,
50,48,0,0,0,0,0,2,0,0,0,0,2,0,0,0,0,0,0,0,0,0,0,0,0,0,0,0,0,0,0,0,900,-12.27263989,,,,,,
54.3,26.2,0,0,0,0.1,0,18.3,0,0,0,0.03,0,0,0,0,0,0.9,0,0,0,0,0.2,0,0,0,0,0,0,0,0,0,900,-12.13804024,,,,,,
54.3,26.2,0,0,0,0.1,0,18.3,0,0,0,0.03,0,0,0,0,0,0.9,0,0,0,0,0.2,0,0,0,0,0,0,0,0,0,800,-15.03189338,,,,,,
54.3,26.2,0,0,0,0.1,0,18.3,0,0,0,0.03,0,0,0,0,0,0.9,0,0,0,0,0.2,0,0,0,0,0,0,0,0,0,700,-16.41825524,,,,,,
48.6,28.6,0,0,0,0.1,0.04,18.2,0,4.2,0,0.02,0,0,0,0,0,0,0,0,0,0,0.2,0,0,0,0,0,0,0,0,0,900,-13.41004545,,,,,,
48.6,28.6,0,0,0,0.1,0.04,18.2,0,4.2,0,0.02,0,0,0,0,0,0,0,0,0,0,0.2,0,0,0,0,0,0,0,0,0,800,-14.62654078,,,,,,
48.6,28.6,0,0,0,0.1,0.04,18.2,0,4.2,0,0.02,0,0,0,0,0,0,0,0,0,0,0.2,0,0,0,0,0,0,0,0,0,1000,-11.91564435,,,,,,
48.6,28.6,0,0,0,0.1,0.04,18.2,0,4.2,0,0.02,0,0,0,0,0,0,0,0,0,0,0.2,0,0,0,0,0,0,0,0,0,700,-19.19079537,,,,,,
59.6,32.6,0,0,4.9,0.2,0,0,0,0,2.7,0.1,0,0,0,0,0,0,0,0,0,0,0,0,0,0,0,0,0,0,0,0,900,-10.91134548,,,,,,
59.6,32.6,0,0,4.9,0.2,0,0,0,0,2.7,0.1,0,0,0,0,0,0,0,0,0,0,0,0,0,0,0,0,0,0,0,0,800,-12.83466881,,,,,,
59.6,32.6,0,0,4.9,0.2,0,0,0,0,2.7,0.1,0,0,0,0,0,0,0,0,0,0,0,0,0,0,0,0,0,0,0,0,700,-17.80441461,,,,,,
59.2,33.4,0,0,0,0,0,4.8,0,0,2.7,0,0,0,0,0,0,0,0,0,0,0,0,0,0,0,0,0,0,0,0,0,800,-13.19924442,,,,,,
67.58,0.04,0,0,0,0.01,0.25,0,0,0,0.005,30.6,0.005,0,0,0.32,0.01,0,0,0,0.08,0,0,0,0,0.08,0,0,0,0,0.3,0,1200,-3.527100799,,,,,,
67.58,0.04,0,0,0,0.01,0.25,0,0,0,0.005,30.6,0.005,0,0,0.32,0.01,0,0,0,0.08,0,0,0,0,0.08,0,0,0,0,0.3,0,1100,-1.454573202,,,,,,
67.58,0.04,0,0,0,0.01,0.25,0,0,0,0.005,30.6,0.005,0,0,0.32,0.01,0,0,0,0.08,0,0,0,0,0.08,0,0,0,0,0.3,0,1000,-4.252951155,,,,,,
67.58,0.04,0,0,0,0.01,0.25,0,0,0,0.005,30.6,0.005,0,0,0.32,0.01,0,0,0,0.08,0,0,0,0,0.08,0,0,0,0,0.3,0,950,-4.828313737,,,,,,
67.58,0.04,0,0,0,0.01,0.25,0,0,0,0.005,30.6,0.005,0,0,0.32,0.01,0,0,0,0.08,0,0,0,0,0.08,0,0,0,0,0.3,0,900,-5.768320996,,,,,,
67.58,0.04,0,0,0,0.01,0.25,0,0,0,0.005,30.6,0.005,0,0,0.32,0.01,0,0,0,0.08,0,0,0,0,0.08,0,0,0,0,0.3,0,800,-7.025537065,,,,,,
67.58,0.04,0,0,0,0.01,0.25,0,0,0,0.005,30.6,0.005,0,0,0.32,0.01,0,0,0,0.08,0,0,0,0,0.08,0,0,0,0,0.3,0,700,-7.965609575,,,,,,
64.51,0.08,0,0,0.72,0.05,0.28,0,0,0,0.02,30.4,0.02,0,0,1.75,1.36,0.11,0.01,0,0.27,0,0,0,0,0.1,0,0.01,0,0,0.31,0,1200,-4.668227139,,,,,,
64.51,0.08,0,0,0.72,0.05,0.28,0,0,0,0.02,30.4,0.02,0,0,1.75,1.36,0.11,0.01,0,0.27,0,0,0,0,0.1,0,0.01,0,0,0.31,0,1100,-5.002339797,,,,,,
64.51,0.08,0,0,0.72,0.05,0.28,0,0,0,0.02,30.4,0.02,0,0,1.75,1.36,0.11,0.01,0,0.27,0,0,0,0,0.1,0,0.01,0,0,0.31,0,1000,-5.517967029,,,,,,
64.51,0.08,0,0,0.72,0.05,0.28,0,0,0,0.02,30.4,0.02,0,0,1.75,1.36,0.11,0.01,0,0.27,0,0,0,0,0.1,0,0.01,0,0,0.31,0,950,-6.388366425,,,,,,
64.51,0.08,0,0,0.72,0.05,0.28,0,0,0,0.02,30.4,0.02,0,0,1.75,1.36,0.11,0.01,0,0.27,0,0,0,0,0.1,0,0.01,0,0,0.31,0,900,-6.74563643,,,,,,
64.51,0.08,0,0,0.72,0.05,0.28,0,0,0,0.02,30.4,0.02,0,0,1.75,1.36,0.11,0.01,0,0.27,0,0,0,0,0.1,0,0.01,0,0,0.31,0,800,-8.221208184,,,,,,
64.51,0.08,0,0,0.72,0.05,0.28,0,0,0,0.02,30.4,0.02,0,0,1.75,1.36,0.11,0.01,0,0.27,0,0,0,0,0.1,0,0.01,0,0,0.31,0,700,-9.798119037,,,,,,
71.04,20.03,0,0,0,0,8.91,0,0,0,0,0,0,0,0,0,0,0,0,0,0,0,0,0,0,0,0,0,0,0,0,0,1300,-29.34271326,,,,,,
71.04,20.03,0,0,0,0,8.91,0,0,0,0,0,0,0,0,0,0,0,0,0,0,0,0,0,0,0,0,0,0,0,0,0,1200,-29.76758343,,,,,,
71.04,20.03,0,0,0,0,8.91,0,0,0,0,0,0,0,0,0,0,0,0,0,0,0,0,0,0,0,0,0,0,0,0,0,1100,-30.99146051,,,,,,
71.04,20.03,0,0,0,0,8.91,0,0,0,0,0,0,0,0,0,0,0,0,0,0,0,0,0,0,0,0,0,0,0,0,0,1000,-31.90768715,,,,,,
46.6,46,0,0,0,0.3,0.1,6,0,0,0.5,0,0,0,0,0,0,0.5,0,0,0,0,0,0,0,0,0,0,0,0,0,0,900,-12.10063213,,,,,,
46.6,46,0,0,0,0.3,0.1,6,0,0,0.5,0,0,0,0,0,0,0.5,0,0,0,0,0,0,0,0,0,0,0,0,0,0,1000,-12.89921983,,,,,,
56.6,31.9,0,0,0,0,0,11.6,0,0,0,0,0,0,0,0,0,0,0,0,0,0,0,0,0,0,0,0,0,0,0,0,1000,-9.421061403,,,,,,
45.3,25.5,0,0,0,0,0,29.2,0,0,0,0,0,0,0,0,0,0,0,0,0,0,0,0,0,0,0,0,0,0,0,0,1000,-11.21697765,,,,,,
39.5,22.2,0,0,0,0,0,38.3,0,0,0,0,0,0,0,0,0,0,0,0,0,0,0,0,0,0,0,0,0,0,0,0,1000,-9.830646096,,,,,,
24.1,13.6,0,0,0,0,0,62.3,0,0,0,0,0,0,0,0,0,0,0,0,0,0,0,0,0,0,0,0,0,0,0,0,1000,-8.790906615,,,,,,
0,9.73,0,0,0,0,0,0,0,0,17.7,0,0,0,18.94,18.48,18.45,0,0,0,0,0,0,0,0,0,0,0,0,0,0,0,1100,-11.79263937,,,,,,
0.74,8.97,0,0,0,0,0,0,0,0,17.5,0,0,0,19.1,18.45,18.67,0,0,0,0,0,0,0,0,0,0,0,0,0,0,0,1100,-14.70314095,,,,,,
1.42,3.73,0,0,0,0,0.022,0,0,0,5.34,0,0,0,45.158,0,27.32,17.01,0,0,0,0,0,0,0,0,0,0,0,0,0,0,900,-10.6644854,,,,,,
2.1,4.13,0,0,0,0,0.024,0,0,0,5.34,0,0,0,44.536,0,27.15,16.72,0,0,0,0,0,0,0,0,0,0,0,0,0,0,900,-11.12834357,,,,,,
63.1,34.1,0,0,0,0,0,0,0,0,2.7,0,0,0,0,0,0,0,0,0,0,0,0,0,0,0,0,0,0,0,0,0,800,-8.804875264,,,,,,
59.2,33.4,0,0,0,0,0,4.8,0,0,2.7,0,0,0,0,0,0,0,0,0,0,0,0,0,0,0,0,0,0,0,0,0,800,-10.75165246,,,,,,
63.8,33.3,0,0,0,0.1,0,0,0,0,2.7,0,0,0,0,0,0,0,0,0,0,0,0,0,0,0,0,0,0,0,0,0,800,-12.52638811,,,,,,
84.18,15.82,0,0,0,0,0,0,0,0,0,0,0,0,0,0,0,0,0,0,0,0,0,0,0,0,0,0,0,0,0,0,700,-14.61824942,,,,,,
74.63,15.02,0,0,0,0,0,10.35,0,0,0,0,0,0,0,0,0,0,0,0,0,0,0,0,0,0,0,0,0,0,0,0,700,-16.48698778,,,,,,
66,14.3,0,0,0,0,0,19.7,0,0,0,0,0,0,0,0,0,0,0,0,0,0,0,0,0,0,0,0,0,0,0,0,700,-16.66904907,,,,,,
65.1,13.5,0,0,0,0,0,21.4,0,0,0,0,0,0,0,0,0,0,0,0,0,0,0,0,0,0,0,0,0,0,0,0,700,-17.09148597,,,,,,
64.3,14.2,0,0,2,0,0,19.5,0,0,0,0,0,3,0,0,0,0,0,0,0,0,0,0,0,0,0,0,0,0,0,0,700,-15.53030899,,,,,,
74.63,15.02,0,0,0,0,0,10.35,0,0,0,0,0,0,0,0,0,0,0,0,0,0,0,0,0,0,0,0,0,0,0,0,800,-13.52882899,,,,,,
66,14.3,0,0,0,0,0,19.7,0,0,0,0,0,0,0,0,0,0,0,0,0,0,0,0,0,0,0,0,0,0,0,0,800,-13.83744947,,,,,,
65.1,13.5,0,0,0,0,0,21.4,0,0,0,0,0,0,0,0,0,0,0,0,0,0,0,0,0,0,0,0,0,0,0,0,800,-14.31177603,,,,,,
74.63,15.02,0,0,0,0,0,10.35,0,0,0,0,0,0,0,0,0,0,0,0,0,0,0,0,0,0,0,0,0,0,0,0,900,-10.45201504,,,,,,
71.1,14.7,0,0,0,0,0,14.2,0,0,0,0,0,0,0,0,0,0,0,0,0,0,0,0,0,0,0,0,0,0,0,0,900,-10.58273183,,,,,,
37.1,0,0,0,42.8,20.1,0,0,0,0,0,0,0,0,0,0,0,0,0,0,0,0,0,0,0,0,0,0,0,0,0,0,1300,-8.634963727,,,,,,
37.1,0,0,0,42.8,20.1,0,0,0,0,0,0,0,0,0,0,0,0,0,0,0,0,0,0,0,0,0,0,0,0,0,0,1100,-11.21697765,,,,,,
37.1,0,0,0,42.8,20.1,0,0,0,0,0,0,0,0,0,0,0,0,0,0,0,0,0,0,0,0,0,0,0,0,0,0,820,-16.01283514,,,,,,
37.1,0,0,0,42.8,20.1,0,0,0,0,0,0,0,0,0,0,0,0,0,0,0,0,0,0,0,0,0,0,0,0,0,0,750,-17.3990215,,,,,,
66.47,33.48,0,0,0,0,0.01,0,0,0,0,0,0,0,0,0,0,0,0,0,0,0,0,0,0,0,0,0,0,0,0.05,0,800,-12.52215419,,,,,,
66.47,33.48,0,0,0,0,0.01,0,0,0,0,0,0,0,0,0,0,0,0,0,0,0,0,0,0,0,0,0,0,0,0.05,0,900,-11.1607205,,,,,,
66.47,33.48,0,0,0,0,0.01,0,0,0,0,0,0,0,0,0,0,0,0,0,0,0,0,0,0,0,0,0,0,0,0.05,0,1000,-6.109347588,,,,,,
50.3172,39.4,0,0,0,0.07,0.016,0.01,0,0,0,0,0,10,0,0.08,0,0,0,0,0,0,0,0,0,0.005,0,0,0,0,0.1,0,800,-9.092557336,,,,,,
50.3172,39.4,0,0,0,0.07,0.016,0.01,0,0,0,0,0,10,0,0.08,0,0,0,0,0,0,0,0,0,0.005,0,0,0,0,0.1,0,900,-7.157884695,,,,,,
50.3172,39.4,0,0,0,0.07,0.016,0.01,0,0,0,0,0,10,0,0.08,0,0,0,0,0,0,0,0,0,0.005,0,0,0,0,0.1,0,1000,-4.48738715,,,,,,
61.57,33.53,0,0,0,0,0.01,0,0,0,4.88,0,0,0,0,0,0,0,0,0,0,0,0,0,0,0,0,0,0,0,0.03,0,800,-12.78553406,,,,,,
61.57,33.53,0,0,0,0,0.01,0,0,0,4.88,0,0,0,0,0,0,0,0,0,0,0,0,0,0,0,0,0,0,0,0.03,0,900,-8.070906089,,,,,,
61.57,33.53,0,0,0,0,0.01,0,0,0,4.88,0,0,0,0,0,0,0,0,0,0,0,0,0,0,0,0,0,0,0,0.03,0,1000,-5.58450722,,,,,,
58.9,33.51,0,0,0,0,0.01,4.8,0,0,2.71,0,0,0,0,0,0,0,0,0,0,0,0,0,0,0,0,0,0,0,0.06,0,800,-13.08941228,,,,,,
58.9,33.51,0,0,0,0,0.01,4.8,0,0,2.71,0,0,0,0,0,0,0,0,0,0,0,0,0,0,0,0,0,0,0,0.06,0,900,-12.10070413,,,,,,
58.9,33.51,0,0,0,0,0.01,4.8,0,0,2.71,0,0,0,0,0,0,0,0,0,0,0,0,0,0,0,0,0,0,0,0.06,0,1000,-9.903487553,,,,,,
63.33,36.62,0,0,0,0,0.01,0,0,0,0,0,0,0,0,0,0,0,0,0,0,0,0,0,0,0,0,0,0,0,0.04,0,800,-13.74263191,,,,,,
63.33,36.62,0,0,0,0,0.01,0,0,0,0,0,0,0,0,0,0,0,0,0,0,0,0,0,0,0,0,0,0,0,0.04,0,900,-11.16070643,,,,,,
63.33,36.62,0,0,0,0,0.01,0,0,0,0,0,0,0,0,0,0,0,0,0,0,0,0,0,0,0,0,0,0,0,0.04,0,1000,-7.941816547,,,,,,
65.13,33.11,0,0,0,0,0.01,0,0,0,0,0,1.7,0,0,0,0,0,0,0,0,0,0,0,0,0,0,0,0,0,0.05,0,800,-13.88390718,,,,,,
65.13,33.11,0,0,0,0,0.01,0,0,0,0,0,1.7,0,0,0,0,0,0,0,0,0,0,0,0,0,0,0,0,0,0.05,0,900,-11.03942795,,,,,,
65.13,33.11,0,0,0,0,0.01,0,0,0,0,0,1.7,0,0,0,0,0,0,0,0,0,0,0,0,0,0,0,0,0,0.05,0,1000,-5.436315865,,,,,,
55.08,0,0,0,0,0,0,0,0,0,0,0,0,0,0,0,44.92,0,0,0,0,0,0,0,0,0,0,0,0,0,0,0,600,-13.91809715,,,,,,
43.7,0,0,0,0,0,0,1.7,0,0,0,0,0,0,0,0,54.6,0,0,0,0,0,0,0,0,0,0,0,0,0,0,0,600,-14.34691651,,,,,,
41.2,0,0,0,0,0,0,5.1,0,0,0,0,0,0,0,0,53.7,0,0,0,0,0,0,0,0,0,0,0,0,0,0,0,600,-14.75551782,,,,,,
37.8,0,0,0,0,0,0,8.4,0,0,0,0,0,0,0,0,53.8,0,0,0,0,0,0,0,0,0,0,0,0,0,0,0,600,-15.0727435,,,,,,
34.6,0,0,0,0,0,0,11.5,0,0,0,0,0,0,0,0,53.9,0,0,0,0,0,0,0,0,0,0,0,0,0,0,0,600,-16.72616666,,,,,,
55.08,0,0,0,0,0,0,0,0,0,0,0,0,0,0,0,44.92,0,0,0,0,0,0,0,0,0,0,0,0,0,0,0,800,-8.989679901,,,,,,
43.7,0,0,0,0,0,0,1.7,0,0,0,0,0,0,0,0,54.6,0,0,0,0,0,0,0,0,0,0,0,0,0,0,0,800,-9.278143951,,,,,,
41.2,0,0,0,0,0,0,5.1,0,0,0,0,0,0,0,0,53.7,0,0,0,0,0,0,0,0,0,0,0,0,0,0,0,800,-9.677627694,,,,,,
37.8,0,0,0,0,0,0,8.4,0,0,0,0,0,0,0,0,53.8,0,0,0,0,0,0,0,0,0,0,0,0,0,0,0,800,-10.28826807,,,,,,
34.6,0,0,0,0,0,0,11.5,0,0,0,0,0,0,0,0,53.9,0,0,0,0,0,0,0,0,0,0,0,0,0,0,0,800,-11.04292184,,,,,,
6.3,3.9,0,0,0,0,0,0,0,0,11.7,0,0,0,22.3,11.8,44,0,0,0,0,0,0,0,0,0,0,0,0,0,0,0,900,-11.32313189,,,,,,
5,5,0,0,1.5,0,0,0,0,2,7,0,0,0,18,9,51,1.5,0,0,0,0,0,0,0,0,0,0,0,0,0,0,900,-12.2032985,,,,,,
0.7,5.6,0,0,0.5,0,0,0,1.4,3.2,8.1,0,0,0,9.2,0,61.8,9.6,0,0,0,0,0,0,0,0,0,0,0,0,0,0,900,-14.20035573,,,,,,
6.3,3.9,0,0,0,0,0,0,0,0,11.7,0,0,0,22.3,11.8,44,0,0,0,0,0,0,0,0,0,0,0,0,0,0,0,1100,-8.194747439,,,,,,
5,5,0,0,1.5,0,0,0,0,2,7,0,0,0,18,9,51,1.5,0,0,0,0,0,0,0,0,0,0,0,0,0,0,1100,-12.10070413,,,,,,
0.7,5.6,0,0,0.5,0,0,0,1.4,3.2,8.1,0,0,0,9.2,0,61.8,9.6,0,0,0,0,0,0,0,0,0,0,0,0,0,0,1100,-12.54698673,,,,,,
59.77,0,0,0,0,0,10,0,0,0,0,0,0,0,0,0,0,0,0,0,0,0,0,0,0,0,0,0,30.24,0,0,0,900,-5.335188841,,,,,,
59.77,0,0,0,0,0,10,0,0,0,0,0,0,0,0,0,0,0,0,0,0,0,0,0,0,0,0,0,30.24,0,0,0,800,-7.824046011,,,,,,
59.77,0,0,0,0,0,10,0,0,0,0,0,0,0,0,0,0,0,0,0,0,0,0,0,0,0,0,0,30.24,0,0,0,700,-10.68262845,,,,,,
65.88,0,0,0,0,6.44,11.02,0,0,0,0,0,0,0,0,0,0,0,0,0,0,0,0,0,0,0,0,0,16.66,0,0,0,1000,-10.19828824,,,,,,
65.88,0,0,0,0,6.44,11.02,0,0,0,0,0,0,0,0,0,0,0,0,0,0,0,0,0,0,0,0,0,16.66,0,0,0,900,-9.534133331,,,,,,
65.88,0,0,0,0,6.44,11.02,0,0,0,0,0,0,0,0,0,0,0,0,0,0,0,0,0,0,0,0,0,16.66,0,0,0,800,-10.59663473,,,,,,
73.67,9.69,0,0,0,4.32,12.32,0,0,0,0,0,0,0,0,0,0,0,0,0,0,0,0,0,0,0,0,0,0,0,0,0,1000,-8.817622837,,,,,,
73.67,9.69,0,0,0,4.32,12.32,0,0,0,0,0,0,0,0,0,0,0,0,0,0,0,0,0,0,0,0,0,0,0,0,0,900,-14.36248163,,,,,,
11.78,6.63,0,0,23.59,0,0,0,0,0,12.79,0,0,0,0,0,0,45.21,0,0,0,0,0,0,0,0,0,0,0,0,0,0,1000,-7.743849469,,,,,,
0,4.4,0,0,0,0,0,0,0,0,25,0,0,0,35.1,15.3,20.2,0,0,0,0,0,0,0,0,0,0,0,0,0,0,0,1000,-10.5760481,,,,,,
0,4.7,0,0,0,0,0,0,0,0,21.2,0,0,0,24.2,15.3,34.6,0,0,0,0,0,0,0,0,0,0,0,0,0,0,0,1000,-10.9284777,,,,,,
73.79,13.87,0,0,0,0,12.34,0,0,0,0,0,0,0,0,0,0,0,0,0,0,0,0,0,0,0,0,0,0,0,0,0,1000,-12.78553406,,,,,,
0,0,0,0,0,0,0,0,0,0,18.54,0,19.59,0,21.01,19.92,20.93,0,0,0,0,0,0,0,0,0,0,0,0,0,0,0,700,-12.12099647,,,,,,
0,0,0,0,0,0,0,7.65,0,0,17.12,0,18.1,0,19.4,18.39,19.33,0,0,0,0,0,0,0,0,0,0,0,0,0,0,0,700,-14.95148209,,,,,,
0,0,0,0,0,0,0,0,0,0,18.54,0,19.59,0,21.01,19.92,20.93,0,0,0,0,0,0,0,0,0,0,0,0,0,0,0,800,-11.37778287,,,,,,
0,0,0,0,0,0,0,7.65,0,0,17.12,0,18.1,0,19.4,18.39,19.33,0,0,0,0,0,0,0,0,0,0,0,0,0,0,0,800,-12.34763621,,,,,,
0,0,0,0,0,0,0,0,0,0,18.54,0,19.59,0,21.01,19.92,20.93,0,0,0,0,0,0,0,0,0,0,0,0,0,0,0,900,-10.73461946,,,,,,
0,0,0,0,0,0,0,7.65,0,0,17.12,0,18.1,0,19.4,18.39,19.33,0,0,0,0,0,0,0,0,0,0,0,0,0,0,0,900,-10.56358688,,,,,,
0,4,0,0,0,0,0,0,0,43,10.7,0,0,0,0,0,0,42.3,0,0,0,0,0,0,0,0,0,0,0,0,0,0,1000,-6.558648905,,,,,,
8.8,0,0,0,0,0,0,0,0,42.3,7.7,0,0,0,0,0,0,41.2,0,0,0,0,0,0,0,0,0,0,0,0,0,0,1000,-6.332378634,,,,,,
7.1,0,0,0,17.1,0,0,0,0,34.8,6.6,0,0,0,0,0,0,34.3,0,0,0,0,0,0,0,0,0,0,0,0,0,0,1000,-5.213241194,,,,,,
0,2.9,0,0,16.6,0,0,0,0,32.3,7.4,0,0,0,0,0,0,40.9,0,0,0,0,0,0,0,0,0,0,0,0,0,0,1000,-6.599462083,,,,,,
12.1,0,0,0,24.9,0,0,0,0,50.2,12.8,0,0,0,0,0,0,0,0,0,0,0,0,0,0,0,0,0,0,0,0,0,1000,-8.658693394,,,,,,
0,2,0,0,0,0,0,0,0,0,10,0,0,0,0,88,0,0,0,0,0,0,0,0,0,0,0,0,0,0,0,0,1050,-1.048632261,,,,,,
0,2,0,0,0,0,0,0,0,0,10,0,0,0,0,88,0,0,0,0,0,0,0,0,0,0,0,0,0,0,0,0,1000,-3.938983187,,,,,,
0,2,0,0,0,0,0,0,0,0,10,0,0,0,0,88,0,0,0,0,0,0,0,0,0,0,0,0,0,0,0,0,950,-6.031453555,,,,,,
0,4,0,0,0,0,0,0,0,0,10,0,0,0,0,86,0,0,0,0,0,0,0,0,0,0,0,0,0,0,0,0,1050,-1.860980938,,,,,,
0,4,0,0,0,0,0,0,0,0,10,0,0,0,0,86,0,0,0,0,0,0,0,0,0,0,0,0,0,0,0,0,1000,-6.27914662,,,,,,
0,4,0,0,0,0,0,0,0,0,10,0,0,0,0,86,0,0,0,0,0,0,0,0,0,0,0,0,0,0,0,0,950,-9.051628681,,,,,,
0,6,0,0,0,0,0,0,0,0,10,0,0,0,0,84,0,0,0,0,0,0,0,0,0,0,0,0,0,0,0,0,1050,-3.738489955,,,,,,
0,6,0,0,0,0,0,0,0,0,10,0,0,0,0,84,0,0,0,0,0,0,0,0,0,0,0,0,0,0,0,0,1000,-8.517193191,,,,,,
0,6,0,0,0,0,0,0,0,0,10,0,0,0,0,84,0,0,0,0,0,0,0,0,0,0,0,0,0,0,0,0,950,-9.328122158,,,,,,
0,8,0,0,0,0,0,0,0,0,10,0,0,0,0,82,0,0,0,0,0,0,0,0,0,0,0,0,0,0,0,0,1050,-8.519195194,,,,,,
0,8,0,0,0,0,0,0,0,0,10,0,0,0,0,82,0,0,0,0,0,0,0,0,0,0,0,0,0,0,0,0,1000,-11.28978191,,,,,,
0,8,0,0,0,0,0,0,0,0,10,0,0,0,0,82,0,0,0,0,0,0,0,0,0,0,0,0,0,0,0,0,950,-13.48699849,,,,,,
51.5,21.5,0,0,0,0,0,27,0,0,0,0,0,0,0,0,0,0,0,0,0,0,0,0,0,0,0,0,0,0,0,0,650,-34.43342588,,,,,,
51.5,21.5,0,0,0,0,0,27,0,0,0,0,0,0,0,0,0,0,0,0,0,0,0,0,0,0,0,0,0,0,0,0,750,-32.17060958,,,,,,
51.5,21.5,0,0,0,0,0,27,0,0,0,0,0,0,0,0,0,0,0,0,0,0,0,0,0,0,0,0,0,0,0,0,800,-30.72084431,,,,,,
51.1,21.9,0,1.1,0,0,0,25.9,0,0,0,0,0,0,0,0,0,0,0,0,0,0,0,0,0,0,0,0,0,0,0,0,650,-34.87971861,,,,,,
51.1,21.9,0,1.1,0,0,0,25.9,0,0,0,0,0,0,0,0,0,0,0,0,0,0,0,0,0,0,0,0,0,0,0,0,750,-32.2361913,,,,,,
51.1,21.9,0,1.1,0,0,0,25.9,0,0,0,0,0,0,0,0,0,0,0,0,0,0,0,0,0,0,0,0,0,0,0,0,800,-31.40315175,,,,,,
51,22.1,0,6.2,0,0,0,20.7,0,0,0,0,0,0,0,0,0,0,0,0,0,0,0,0,0,0,0,0,0,0,0,0,650,-32.81155545,,,,,,
51,22.1,0,6.2,0,0,0,20.7,0,0,0,0,0,0,0,0,0,0,0,0,0,0,0,0,0,0,0,0,0,0,0,0,750,-31.31714437,,,,,,
51,22.1,0,6.2,0,0,0,20.7,0,0,0,0,0,0,0,0,0,0,0,0,0,0,0,0,0,0,0,0,0,0,0,0,800,-30.33803186,,,,,,
0,1.24,0,0,0,0,0,0,0,0,22.36,0,0,0,25.12,25.85,25.43,0,0,0,0,0,0,0,0,0,0,0,0,0,0,0,1000,-10.88282459,,,,,,
0,1.24,0,0,0,0,0,0,0,0,22.36,0,0,0,25.12,25.85,25.43,0,0,0,0,0,0,0,0,0,0,0,0,0,0,0,900,-12.12099647,,,,,,
0,1.24,0,0,0,0,0,0,0,0,22.36,0,0,0,25.12,25.85,25.43,0,0,0,0,0,0,0,0,0,0,0,0,0,0,0,800,-13.00458034,,,,,,
0,0,0,0,2.66,0.52,0.03,0,0,0,21.86,0,1.36,0,0,67.93,5.64,0,0,0,0,0,0,0,0,0,0,0,0,0,0,0,1000,-10.02137059,,,,,,
1.06,0,0,0,2.68,0,0.04,0,0,0,22.17,0,0.93,0,0,30.75,42.37,0,0,0,0,0,0,0,0,0,0,0,0,0,0,0,1000,-10.59663473,,,,,,
13.24,0,0,0,0,0,0,27.72,0,59.04,0,0,0,0,0,0,0,0,0,0,0,0,0,0,0,0,0,0,0,0,0,0,1000,-4.073953873,,,,,,
16.07,0,0,0,0,0,0,25.47,0,52.73,5.73,0,0,0,0,0,0,0,0,0,0,0,0,0,0,0,0,0,0,0,0,0,1000,-4.382026635,,,,,,
20.5,4.7,0,0,37.2,0,0,37.6,0,0,0,0,0,0,0,0,0,0,0,0,0,0,0,0,0,0,0,0,0,0,0,0,1000,-8.987196821,,,,,,
11.7,2.2,,0,0,0,0,26.3,0,59.8,0,0,0,0,0,0,0,0,0,0,0,0,0,0,0,0,0,0,0,0,0,0,1000,-4.520011357,,,,,,
10.17,1.39,0,0,22.72,0,0,19.65,0,46.08,0,0,0,0,0,0,0,0,0,0,0,0,0,0,0,0,0,0,0,0,0,0,1000,-2.995732274,,,,,,
0,3,0,0,0,0.02,0,0,0,0,0,0,0.3,0,0,0.001,0.001,0,0.002,0.7,95.976,0,0,0,0,0,0,0,0,0,0,0,450,-17.05832053,,,,,,
0,3,0,0,0,0.02,0,0,0,0,0,0,0.3,0,0,0.001,0.001,0,0.002,0.7,95.976,0,0,0,0,0,0,0,0,0,0,0,475,-14.30571689,,,,,,
0,3,0,0,0,0.02,0,0,0,0,0,0,0.3,0,0,0.001,0.001,0,0.002,0.7,95.976,0,0,0,0,0,0,0,0,0,0,0,500,-5.892071803,,,,,,
0,0,0,0.5,0,0,0,0,0,0,0,0,0,0,0,0,0,0,0,0,87,12.5,0,0,0,0,0,0,0,0,0,0,740,-6.480072162,,,,,,
0,0,0,0.6,0,0,0,0,0,0,0,0,0,0,0,0,0,0,0,0,79.5,19.9,0,0,0,0,0,0,0,0,0,0,740,-7.35736038,,,,,,
0,3.51,0,0,0,0,0,0,0,0,0,0.016,0,0,71.23,0,0,25.25,0,0,0,0,0,0,0,0,0,0,0,0,0,0,1000,-5.584933341,,,,,,
0,3.25,0,0,0,0.96,0,0,0,0,0,0.016,0,0,70.33,0,0,25.44,0,0,0,0,0,0,0,0,0,0,0,0,0,0,1000,-7.60090246,,,,,,
0,3.51,0,0,0,0,0,0,0,0,0,0.016,0,0,71.23,0,0,25.25,0,0,0,0,0,0,0,0,0,0,0,0,0,0,900,-9.433483923,,,,,,
0,3.25,0,0,0,0.96,0,0,0,0,0,0.016,0,0,70.33,0,0,25.44,0,0,0,0,0,0,0,0,0,0,0,0,0,0,900,-10.19501702,,,,,,
0,3.51,0,0,0,0,0,0,0,0,0,0.016,0,0,71.23,0,0,25.25,0,0,0,0,0,0,0,0,0,0,0,0,0,0,800,-13.01701286,,,,,,
0,3.25,0,0,0,0.96,0,0,0,0,0,0.016,0,0,70.33,0,0,25.44,0,0,0,0,0,0,0,0,0,0,0,0,0,0,800,-9.798119037,,,,,,
0,0,0,0,0,0,0,0,0,0,28.5,0,0,0,0,71.5,0,0,0,0,0,0,0,0,0,0,0,0,0,0,0,0,1000,-10.49011489,,,,,,
0,0,0,0,0,0,0.01,0,0,0,28.2,0,1.02,0,0,70.77,0,0,0,0,0,0,0,0,0,0,0,0,0,0,0,0,1000,-9.544555159,,,,,,
0,0,0,0,0,0,0.015,0,0,0,26,0,4.8,0,0,69.185,0,0,0,0,0,0,0,0,0,0,0,0,0,0,0,0,1000,-8.77079595,,,,,,
0,2.32,0,0,0,0,0.019,0,0,0,18.01,0,0,0,0,0,72.251,7.4,0,0,0,0,0,0,0,0,0,0,0,0,0,0,1250,-10.66564189,,,,,,
20.15,11.35,0,0,0,0,0,0,0,0,21.88,0,23.12,0,0,23.5,0,0,0,0,0,0,0,0,0,0,0,0,0,0,0,0,900,-4.561536149,,,,,,
20.15,11.35,0,0,0,0,0,0,0,0,21.88,0,23.12,0,0,23.5,0,0,0,0,0,0,0,0,0,0,0,0,0,0,0,0,700,-10.37202026,,,,,,
0,18.87,0,0,0,0,8.4,0,0,0,72.73,0,0,0,0,0,0,0,0,0,0,0,0,0,0,0,0,0,0,0,0,0,1000,-16.02278547,,,,,,
0,18.87,0,0,0,0,8.4,0,0,0,72.73,0,0,0,0,0,0,0,0,0,0,0,0,0,0,0,0,0,0,0,0,0,1100,-12.98260144,,,,,,
0,18.87,0,0,0,0,8.4,0,0,0,72.73,0,0,0,0,0,0,0,0,0,0,0,0,0,0,0,0,0,0,0,0,0,1200,-12.09274396,,,,,,
0,18.87,0,0,0,0,8.4,0,0,0,72.73,0,0,0,0,0,0,0,0,0,0,0,0,0,0,0,0,0,0,0,0,0,1300,-10.41431318,,,,,,
73.38,0,0,0,0,14.35,12.27,0,0,0,0,0,0,0,0,0,0,0,0,0,0,0,0,0,0,0,0,0,0,0,0,0,1000,-10.63745673,,,,,,
73.38,0,0,0,0,14.35,12.27,0,0,0,0,0,0,0,0,0,0,0,0,0,0,0,0,0,0,0,0,0,0,0,0,0,1100,-5.521460918,,,,,,
73.38,0,0,0,0,14.35,12.27,0,0,0,0,0,0,0,0,0,0,0,0,0,0,0,0,0,0,0,0,0,0,0,0,0,1200,-3.816712826,,,,,,
73.38,0,0,0,0,14.35,12.27,0,0,0,0,0,0,0,0,0,0,0,0,0,0,0,0,0,0,0,0,0,0,0,0,0,1300,-2.343407088,,,,,,
73.79,13.86,0,0,0,0,12.34,0,0,0,0,0,0,0,0,0,0,0,0,0,0,0,0,0,0,0,0,0,0,0,0,0,1000,-14.70710868,,,,,,
73.79,13.86,0,0,0,0,12.34,0,0,0,0,0,0,0,0,0,0,0,0,0,0,0,0,0,0,0,0,0,0,0,0,0,1100,-12.82225878,,,,,,
73.79,13.86,0,0,0,0,12.34,0,0,0,0,0,0,0,0,0,0,0,0,0,0,0,0,0,0,0,0,0,0,0,0,0,1200,-12.38042603,,,,,,
73.79,13.86,0,0,0,0,12.34,0,0,0,0,0,0,0,0,0,0,0,0,0,0,0,0,0,0,0,0,0,0,0,0,0,1300,-11.41761529,,,,,,
0,33.25,0,0,0,0,0,0,0,0,0,0,0,0,0,0,66.75,0,0,0,0,0,0,0,0,0,0,0,0,0,0,0,1000,-15.37615831,,,,,,
0,33.25,0,0,0,0,0,0,0,0,0,0,0,0,0,0,66.75,0,0,0,0,0,0,0,0,0,0,0,0,0,0,0,1100,-13.93204437,,,,,,
0,33.25,0,0,0,0,0,0,0,0,0,0,0,0,0,0,66.75,0,0,0,0,0,0,0,0,0,0,0,0,0,0,0,1200,-11.91340303,,,,,,
0,33.25,0,0,0,0,0,0,0,0,0,0,0,0,0,0,66.75,0,0,0,0,0,0,0,0,0,0,0,0,0,0,0,1300,-11.04292184,,,,,,
0,0,0,0,0,0,0,0,0,0,30,0,0,0,0,0,70,0,0,0,0,0,0,0,0,0,0,0,0,0,0,0,1000,-12.78589114,,,,,,
0,0,0,0,0,0,0,0,0,0,30,0,0,0,0,0,70,0,0,0,0,0,0,0,0,0,0,0,0,0,0,0,1100,-10.68001634,,,,,,
0,0,0,0,0,0,0,0,0,0,30,0,0,0,0,0,70,0,0,0,0,0,0,0,0,0,0,0,0,0,0,0,1200,-9.610817939,,,,,,
0,0,0,0,0,0,0,0,0,0,30,0,0,0,0,0,70,0,0,0,0,0,0,0,0,0,0,0,0,0,0,0,1300,-8.314252347,,,,,,
49.8,44,0,0,0.5,0,0,4,0,0,1.5,0.1,0,0,0,0,0,0,0,0,0,0,0.1,0,0,0,0,0,0,0,0,0,900,-11.12807131,,,,,,
49.8,44,0,0,0.5,0,0,4,0,0,1.5,0.1,0,0,0,0,0,0,0,0,0,0,0.1,0,0,0,0,0,0,0,0,0,800,-14.62654078,,,,,,
0,0,0,0,0,0,0,0,0,0,0,0,0,0,0,0,0,0,0,0,99.18,0,0.82,0,0,0,0,0,0,0,0,0,500,-6.70074111,,,,,,
0,0,0,0,0,0,0,0,0,0,22.1,0,0,0,0,0,0,77.9,0,0,0,0,0,0,0,0,0,0,0,0,0,0,800,-5.167289104,,,,,,
0,0,0,0,0,0,0,0,0,0,22.1,0,0,0,0,0,0,77.9,0,0,0,0,0,0,0,0,0,0,0,0,0,0,1000,-1.89585412,,,,,,
0,0,0,0,0,0,0,0,0,0,22.1,0,0,0,0,0,0,77.9,0,0,0,0,0,0,0,0,0,0,0,0,0,0,1200,-1.177752903,,,,,,
0,0,0,0,0,0,0,8.1,0,0,20.3,0,0,0,0,0,0,71.7,0,0,0,0,0,0,0,0,0,0,0,0,0,0,800,-9.164220436,,,,,,
0,0,0,0,0,0,0,8.1,0,0,20.3,0,0,0,0,0,0,71.7,0,0,0,0,0,0,0,0,0,0,0,0,0,0,1000,-3.673116347,,,,,,
0,0,0,0,0,0,0,8.1,0,0,20.3,0,0,0,0,0,0,71.7,0,0,0,0,0,0,0,0,0,0,0,0,0,0,1200,-2.361804453,,,,,,
0,0,0,0,0,0.25,0,0,0,0,16,0,0.29,0,0,83.46,0,0,0,0,0,0,0,0,0,0,0,0,0,0,0,0,727,-18.19753719,,,,,,
0,0,0,0,0,0.25,0,0,0,0,16,0,0.29,0,0,83.46,0,0,0,0,0,0,0,0,0,0,0,0,0,0,0,0,827,-15.97824676,,,,,,
0,0,0,0,0,0.25,0,0,0,0,16,0,0.29,0,0,83.46,0,0,0,0,0,0,0,0,0,0,0,0,0,0,0,0,927,-4.957426336,,,,,,
0,4.04,0,0,1.35,0,0,0,0,6.74,12.59,0,0,0,5.16,0,63.83,6.29,0,0,0,0,0,0,0,0,0,0,0,0,0,0,1050,-11.68478197,,,,,,
0,4.04,0,0,1.35,0,0,0,0,6.74,12.59,0,0,0,5.16,0,63.83,6.29,0,0,0,0,0,0,0,0,0,0,0,0,0,0,900,-14.96910715,,,,,,
0,5.6,0,0,2,0,0,0.5,0.1,7.5,4.3,0,0,0,9,0,0,8,0,0,0,0,0,0,0,0,0,0,0,2,0,0,950,-15.35211631,,,,,,
0,5.6,0,0,2,0,0,0.5,0.1,7.5,4.3,0,0,0,9,0,0,8,0,0,0,0,0,0,0,0,0,0,0,2,0,0,900,-15.6453458,,,,,,
0,5.6,0,0,2,0,0,0.5,0.1,7.5,4.3,0,0,0,9,0,0,8,0,0,0,0,0,0,0,0,0,0,0,2,0,0,850,-15.86780397,,,,,,
0,0,0,0,0,0,0,0,0,0,0,0,0,99.53,0,0,0,0,0,0,0,0,0,0,0,0,0,0,0,0,0,0,300,-2.407945609,,,,,,
0,0,0,0,0,0,0,0,0,0,0,0,0,99.53,0,0,0,0,0,0,0,0,0,0,0,0,0,0,0,0,0,0,340,-0.926341068,,,,,,
0,0,0,0,0,0,0,0,0,0,0,0,0,99.53,0,0,0,0,0,0,0,0,0,0,0,0,0,0,0,0,0,0,380,0.122571552,,,,,,
0,0,0,0,0,0,0,0,0,0,0,0,0,99.53,0,0,0,0,0,0,0,0,0,0,0,0,0,0,0,0,0,0,420,1.251505035,,,,,,
0,0,0,0,0,0,0,0,0,0,0,0,0,99.53,0,0,0,0,0,0,0,0,0,0,0,0,0,0,0,0,0,0,500,3.564336119,,,,,,
0,0,0,0,0,0,0,0,0,0,0,0,0,99.53,0,0,0,0,0,0,0,0,0,0,0,0,0,0,0,0,0,0,600,5.800546143,,,,,,
56.02,39.52,0,0,0,0,0,0,0,0,4.46,0,0,0,0,0,0,0,0,0,0,0,0,0,0,0,0,0,0,0,0,0,900,-7.127432346,,,,,,
58.72,36.76,0,0,0,0,0,0,0,0,0,0,0,4.79,0,0,0,0,0,0,0,0,0,0,0,0,0,0,0,0,0,0,900,-7.309756394,,,,,,
56.48,33.76,0,0,0,0,0,0,0,0,9.76,0,0,0,0,0,0,0,0,0,0,0,0,0,0,0,0,0,0,0,0,0,900,-8.399410156,,,,,,
60.7,39.3,0,0,0,0,0,0,0,0,0,0,0,0,0,0,0,0,0,0,0,0,0,0,0,0,0,0,0,0,0,0,900,-10.04505112,,,,,,
58.72,36.76,0,0,0,4.52,0,0,0,0,0,0,0,0,0,0,0,0,0,0,0,0,0,0,0,0,0,0,0,0,0,0,900,-10.59663473,,,,,,
58.72,36.76,0,0,0,4.52,0,0,0,0,0,0,0,0,0,0,0,0,0,0,0,0,0,0,0,0,0,0,0,0,0,0,1000,-8.399410156,,,,,,
58.72,36.76,0,0,0,4.52,0,0,0,0,0,0,0,0,0,0,0,0,0,0,0,0,0,0,0,0,0,0,0,0,0,0,1100,-4.088163703,,,,,,
59.41,36.03,0,0,0,0,0,6.09,0,0,0,0,0,0,0,0,0,0,0,0,0,0,0,0,0,0,0,0,0,0,0,0,900,-11.81308506,,,,,,
59.41,36.03,0,0,0,0,0,6.09,0,0,0,0,0,0,0,0,0,0,0,0,0,0,0,0,0,0,0,0,0,0,0,0,1000,-10.4267232,,,,,,
59.41,36.03,0,0,0,0,0,6.09,0,0,0,0,0,0,0,0,0,0,0,0,0,0,0,0,0,0,0,0,0,0,0,0,1100,-7.463927005,,,,,,
73.37,0,0,0,0,14.36,12.27,0,0,0,0,0,0,0,0,0,0,0,0,0,0,0,0,0,0,0,0,0,0,0,0,0,900,-29.05813747,,,,,,
0,8.42,0,0,0,0,0,0,0,0,0,0,0.21,0,0,0,0,0,0,0.68,88.59,0,0,0,0,0,0,2.1,0,0,0,0,700,-15.56651203,,,,,,
0,7.52,0,0,0,0,0,0,0,0,0,0,0.2,0,0,0,0,0,0,0.61,85.71,0,0,0,0,0,0,5.96,0,0,0,0,700,-17.2084422,,,,,,
53.48,28.86,0,0,0,0,0,17.67,0,0,0,0,0,0,0,0,0,0,0,0,0,0,0,0,0,0,0,0,0,0,0,0,900,-12.60324226,,,,,,
47.15,34.55,0,0,0,0,0,18.3,0,0,0,0,0,0,0,0,0,0,0,0,0,0,0,0,0,0,0,0,0,0,0,0,900,-14.62654078,,,,,,
0,0,0,0,0,0.48,0.305,0,0,0,14,0,0.429,0,0,84.786,0,0,0,0,0,0,0,0,0,0,0,0,0,0,0,0,900,-3.765846895,,,,,,
0,0,0,0,0,1.07,0.298,0,0,0,13.7,0,0.418,0,0,84.514,0,0,0,0,0,0,0,0,0,0,0,0,0,0,0,0,900,-3.976561527,,,,,,
0,0,0,0,0,1.22,0.295,0,0,0,13.2,0,0.403,0,0,84.882,0,0,0,0,0,0,0,0,0,0,0,0,0,0,0,0,900,-4.479418981,,,,,,
0,0,0,0,0,1.42,0.319,0,0,0,13.1,0,0.42,0,0,84.741,0,0,0,0,0,0,0,0,0,0,0,0,0,0,0,0,900,-5.152141256,,,,,,
0,0,0,0,0,1.54,0.296,0,0,0,13.5,0,0.416,0,0,84.248,0,0,0,0,0,0,0,0,0,0,0,0,0,0,0,0,900,-11.58991451,,,,,,
0,0,0,0,0,2.48,0.278,0,0,0,12.9,0,0.395,0,0,83.947,0,0,0,0,0,0,0,0,0,0,0,0,0,0,0,0,900,-13.1869019,,,,,,
0,3.7,0,0,0,0,0,0,0,0,19.2,0,0,0,0,77.1,0,0,0,0,0,0,0,0,0,0,0,0,0,0,0,0,1200,-12.70036897,,,,,,
0,3.8,0,0,0,0,0,0,0,0,19.2,0,0,0,0,76.99,0,0,0,0,0,0,0,0,0.01,0,0,0,0,0,0,0,1200,-12.61253825,,,,,,
0,3.9,0,0,0,0,0,0,0,0,19.2,0,0,0,0,76.86,0,0,0,0,0,0,0,0,0.04,0,0,0,0,0,0,0,1200,-12.32485618,,,,,,
0,3.8,0,0,0,0,0,0,0,0,19,0,0,0,0,76.83,0,0,0,0,0,0,0,0,0.37,0,0,0,0,0,0,0,1200,-11.01822922,,,,,,
0,30.19,0,0,0,0,0,0,0,0,0,0,0,0,0,0,69.81,0,0,0,0,0,0,0,0,0,0,0,0,0,0,0,1200,-9.990506202,,,,,,
0,31.46,0,0,0,0,0,0,0,0,0,0,0,0,0,0,68.37,0,0,0,0,0.15,0,0,0,0,0,0,0,0,0,0,1200,-10.58558402,,,,,,
0,31.46,0,0,0,0,0,0.11,0,0,0,0,0,0,0,0,68.42,0,0,0,0,0,0,0,0,0,0,0,0,0,0,0,1200,-10.58558402,,,,,,
0,0,100,0,0,0,0,0,0,0,0,0,0,0,0,0,0,0,0,0,0,0,0,0,0,0,0,0,0,0,0,0,250,-9.361943799,,,,,,
0,0,91,0,0,0,0,0,0,0,0,0,0,0,0,0,0,0,0,9,0,0,0,0,0,0,0,0,0,0,0,0,250,-9.817963281,,,,,,
0,0.45,91,0,0,0,0,0,0,0,0,0,0,0,0,0,0,0,0,8.55,0,0,0,0,0,0,0,0,0,0,0,0,250,-10.65755315,,,,,,
0,0.6,99.4,0,0,0,0,0,0,0,0,0,0,0,0,0,0,0,0,0,0,0,0,0,0,0,0,0,0,0,0,0,250,-10.9886645,,,,,,
0,7.9,0,0,0,0,0,0,0,0,21.1,0,0,0,38.174,0,32.8,0,0,0,0,0,0.026,0,0,0,0,0,0,0,0,0,1000,-14.62654078,,,,,,
95,0,5,0,0,0,0,0,0,0,0,0,0,0,0,0,0,0,0,0,0,0,0,0,0,0,0,0,0,0,0,0,0,0,0,0,0,0,600,-14.08406866
94.7,0,5,0,0,0,0,0,0,0,0,0,0,0,0,0,0,0,0,0,0,0,0,0,0,0,0,0,0.3,0,0,0,0,0,0,0,0,0,600,-14.68276592
94.5,0,5,0,0,0,0,0,0,0,0,0,0,0,0,0,0,0,0,0,0,0,0,0,0,0,0,0,0.5,0,0,0,0,0,0,0,0,0,600,-14.69247241
94.3,0,5,0,0,0,0,0,0,0,0,0,0,0,0,0,0,0,0,0,0,0,0,0,0,0,0,0,0.7,0,0,0,0,0,0,0,0,0,600,-15.17631653
93.5,0,0,0,0,0,0,0,0,0,0,0,0,0,0,0,6.5,0,0,0,0,0,0,0,0,0,0,0,0,0,0,0,0,0,0,0,0,0,600,-14.47127333
93.2,0,0,0,0,0,0,0,0,0,0,0,0,0,0,0,6.5,0,0,0,0,0,0,0,0,0,0,0,0.3,0,0,0,0,0,0,0,0,0,600,-14.76098039
93,0,0,0,0,0,0,0,0,0,0,0,0,0,0,0,6.5,0,0,0,0,0,0,0,0,0,0,0,0.5,0,0,0,0,0,0,0,0,0,600,-14.2294893
92.8,0,0,0,0,0,0,0,0,0,0,0,0,0,0,0,6.5,0,0,0,0,0,0,0,0,0,0,0,0.7,0,0,0,0,0,0,0,0,0,600,-15.18666806
95,0,5,0,0,0,0,0,0,0,0,0,0,0,0,0,0,0,0,0,0,0,0,0,0,0,0,0,0,0,0,0,0,0,0,0,0,0,700,-11.32720137
94.7,0,5,0,0,0,0,0,0,0,0,0,0,0,0,0,0,0,0,0,0,0,0,0,0,0,0,0,0.3,0,0,0,0,0,0,0,0,0,700,-11.51506475
94.5,0,5,0,0,0,0,0,0,0,0,0,0,0,0,0,0,0,0,0,0,0,0,0,0,0,0,0,0.5,0,0,0,0,0,0,0,0,0,700,-11.91053997
94.3,0,5,0,0,0,0,0,0,0,0,0,0,0,0,0,0,0,0,0,0,0,0,0,0,0,0,0,0.7,0,0,0,0,0,0,0,0,0,700,-11.7693841
93.5,0,0,0,0,0,0,0,0,0,0,0,0,0,0,0,6.5,0,0,0,0,0,0,0,0,0,0,0,0,0,0,0,0,0,0,0,0,0,700,-10.37878517
93.2,0,0,0,0,0,0,0,0,0,0,0,0,0,0,0,6.5,0,0,0,0,0,0,0,0,0,0,0,0.3,0,0,0,0,0,0,0,0,0,700,-11.62573253
93,0,0,0,0,0,0,0,0,0,0,0,0,0,0,0,6.5,0,0,0,0,0,0,0,0,0,0,0,0.5,0,0,0,0,0,0,0,0,0,700,-11.43704834
92.8,0,0,0,0,0,0,0,0,0,0,0,0,0,0,0,6.5,0,0,0,0,0,0,0,0,0,0,0,0.7,0,0,0,0,0,0,0,0,0,700,-11.80493823
95,0,5,0,0,0,0,0,0,0,0,0,0,0,0,0,0,0,0,0,0,0,0,0,0,0,0,0,0,0,0,0,0,0,0,0,0,0,800,-5.485394212
94.7,0,5,0,0,0,0,0,0,0,0,0,0,0,0,0,0,0,0,0,0,0,0,0,0,0,0,0,0.3,0,0,0,0,0,0,0,0,0,800,-8.071661574
94.5,0,5,0,0,0,0,0,0,0,0,0,0,0,0,0,0,0,0,0,0,0,0,0,0,0,0,0,0.5,0,0,0,0,0,0,0,0,0,800,-8.280612327
94.3,0,5,0,0,0,0,0,0,0,0,0,0,0,0,0,0,0,0,0,0,0,0,0,0,0,0,0,0.7,0,0,0,0,0,0,0,0,0,800,-8.280809677
93.5,0,0,0,0,0,0,0,0,0,0,0,0,0,0,0,6.5,0,0,0,0,0,0,0,0,0,0,0,0,0,0,0,0,0,0,0,0,0,800,-6.606392219
93.2,0,0,0,0,0,0,0,0,0,0,0,0,0,0,0,6.5,0,0,0,0,0,0,0,0,0,0,0,0.3,0,0,0,0,0,0,0,0,0,800,-8.246677624
93,0,0,0,0,0,0,0,0,0,0,0,0,0,0,0,6.5,0,0,0,0,0,0,0,0,0,0,0,0.5,0,0,0,0,0,0,0,0,0,800,-8.141167193
92.8,0,0,0,0,0,0,0,0,0,0,0,0,0,0,0,6.5,0,0,0,0,0,0,0,0,0,0,0,0.7,0,0,0,0,0,0,0,0,0,800,-8.579962612
